tenure,Contract,OnlineSecurity,TechSupport,MonthlyCharges,TotalCharges,SeniorCitizen,PaymentMethod,Probabilidad_Fuga,Nivel_Riesgo,Impacto_Mensual
7,0,0,0,99.25,665.45,1,2,0.9020363111103336,Alto,99.25
4,0,0,0,99.8,442.85,1,1,0.8943613619920551,Alto,99.8
1,0,0,0,95.1,95.1,1,2,0.893735596336515,Alto,95.1
1,0,0,0,69.75,69.75,1,2,0.8734216915930498,Alto,69.75
1,0,0,0,69.6,69.6,1,2,0.8734216915930498,Alto,69.6
1,0,0,0,76.4,76.4,1,3,0.8724877998031947,Alto,76.4
1,0,0,0,77.15,77.15,0,2,0.8704138742820899,Alto,77.15
1,0,0,0,76.35,76.35,0,2,0.8704138742820899,Alto,76.35
1,0,0,0,93.3,93.3,0,2,0.8696024071706582,Alto,93.3
1,0,0,0,85.05,85.05,1,2,0.8681940113466413,Alto,85.05
1,0,0,0,69.25,69.25,1,2,0.8657080970710601,Alto,69.25
1,0,0,0,75.7,75.7,0,2,0.8630221441329685,Alto,75.7
1,0,0,0,95.65,95.65,0,3,0.8598482982454491,Alto,95.65
3,0,0,0,94.85,335.75,1,2,0.8560660608257967,Alto,94.85
1,0,0,0,80.0,80.0,0,2,0.8560025279265615,Alto,80.0
1,0,0,0,80.5,80.5,0,2,0.8515751156123296,Alto,80.5
4,0,0,0,89.2,346.2,1,2,0.8478756119719428,Alto,89.2
1,0,0,0,88.35,88.35,0,2,0.8467882404802198,Alto,88.35
1,0,0,0,78.8,78.8,0,2,0.841767947946611,Alto,78.8
1,0,0,0,25.2,25.2,1,2,0.8388900856750899,Alto,25.2
1,0,0,0,25.05,25.05,1,2,0.8388900856750899,Alto,25.05
3,0,0,0,96.6,291.9,0,2,0.8369686784364059,Alto,96.6
1,0,0,0,90.85,90.85,0,1,0.8355520745307443,Alto,90.85
1,0,0,0,80.05,80.05,0,3,0.8303704595478807,Alto,80.05
6,0,0,0,95.75,573.75,1,2,0.8287887111760487,Alto,95.75
9,0,0,0,99.3,918.75,0,1,0.8285363505618043,Alto,99.3
3,0,0,0,100.95,329.95,0,2,0.8275231252408047,Alto,100.95
1,0,0,0,75.3,75.3,0,2,0.8274227047328909,Alto,75.3
1,0,2,0,102.45,102.45,0,2,0.8265263069844763,Alto,102.45
7,0,0,0,96.2,639.7,0,2,0.826185089588586,Alto,96.2
1,0,0,0,89.55,89.55,0,2,0.8256240612230014,Alto,89.55
1,0,0,0,69.9,69.9,0,2,0.8223926702145401,Alto,69.9
1,0,0,0,69.9,69.9,0,2,0.8223926702145401,Alto,69.9
1,0,0,0,25.05,25.05,1,3,0.8201944194795318,Alto,25.05
6,0,0,0,105.3,545.2,0,2,0.8197620814061644,Alto,105.3
1,0,0,0,79.35,79.35,0,0,0.8157722540880219,Alto,79.35
3,0,0,0,95.4,293.15,0,2,0.8147428306756181,Alto,95.4
3,0,0,0,94.9,273.2,0,2,0.8147428306756181,Alto,94.9
10,0,0,0,94.9,1048.85,0,2,0.8143621470197089,Alto,94.9
1,0,0,0,74.5,74.5,0,2,0.8106394628090916,Alto,74.5
1,0,0,0,74.5,74.5,0,2,0.8106394628090916,Alto,74.5
1,0,0,0,71.65,71.65,0,2,0.8099698801800984,Alto,71.65
1,0,0,0,71.35,71.35,0,2,0.8099698801800984,Alto,71.35
1,0,0,0,70.6,70.6,0,2,0.8099698801800984,Alto,70.6
1,0,0,0,70.35,70.35,0,2,0.8099698801800984,Alto,70.35
1,0,0,0,70.25,70.25,0,2,0.8099698801800984,Alto,70.25
1,0,0,0,70.25,70.25,0,2,0.8099698801800984,Alto,70.25
1,0,0,0,70.0,70.0,0,2,0.8099698801800984,Alto,70.0
3,0,0,0,105.35,323.25,0,0,0.8092720520733754,Alto,105.35
1,0,0,0,69.55,69.55,0,2,0.8070037820922753,Alto,69.55
1,0,0,0,69.1,69.1,0,2,0.8070037820922753,Alto,69.1
1,0,0,0,68.65,68.65,0,2,0.8070037820922753,Alto,68.65
1,0,0,0,74.25,74.25,0,3,0.8057317929973732,Alto,74.25
1,0,0,0,85.55,85.55,0,1,0.8045713857718259,Alto,85.55
5,0,0,0,75.55,349.65,1,1,0.803697581969818,Alto,75.55
3,0,2,0,99.0,287.4,0,1,0.8031538558955257,Alto,99.0
2,0,0,0,86.85,156.35,1,3,0.7944574095847451,Alto,86.85
1,0,0,0,69.9,69.9,0,3,0.7922300483286621,Alto,69.9
1,0,0,0,44.0,44.0,1,2,0.7897594345469925,Alto,44.0
4,0,0,0,77.85,299.2,0,2,0.7853136468563983,Alto,77.85
7,0,0,0,98.05,713.0,0,0,0.784916749946431,Alto,98.05
2,0,0,0,90.4,168.2,0,2,0.7848795520845051,Alto,90.4
3,0,0,0,90.4,268.45,0,2,0.7848795520845051,Alto,90.4
3,0,0,0,89.45,240.45,0,2,0.7848795520845051,Alto,89.45
2,0,0,0,94.2,193.8,0,0,0.7837151682415545,Alto,94.2
1,0,0,0,75.35,75.35,0,1,0.7812482368720374,Alto,75.35
1,0,0,0,71.0,71.0,1,2,0.7809154423857666,Alto,71.0
2,0,0,0,85.7,169.8,0,2,0.779541878870348,Alto,85.7
3,0,0,0,85.3,264.8,0,2,0.779541878870348,Alto,85.3
1,0,0,0,71.1,71.1,0,3,0.7782663523728928,Alto,71.1
7,0,0,0,84.35,609.65,1,2,0.7774066913406906,Alto,84.35
11,0,0,0,100.75,1129.75,0,2,0.7762265152115746,Alto,100.75
7,0,0,0,89.15,574.35,1,2,0.7723684137439567,Alto,89.15
7,0,0,0,89.0,605.45,1,2,0.7723684137439567,Alto,89.0
4,0,0,0,84.6,360.1,1,2,0.7695129155833134,Alto,84.6
2,0,0,0,79.6,195.05,1,2,0.7680403700044441,Alto,79.6
5,0,0,0,85.3,424.15,0,2,0.766021710521622,Alto,85.3
6,0,0,0,90.75,512.25,0,2,0.7648953202899991,Alto,90.75
3,0,0,0,83.75,247.25,0,2,0.7617681149878769,Alto,83.75
1,0,0,0,70.45,70.45,1,3,0.7617264435259173,Alto,70.45
9,0,0,0,90.1,816.8,1,2,0.761514536402034,Alto,90.1
4,0,0,0,89.6,365.65,0,3,0.7608702673610234,Alto,89.6
1,0,0,0,73.5,73.5,0,0,0.7601823369191905,Alto,73.5
9,0,0,0,94.4,857.25,0,2,0.7600456267253882,Alto,94.4
6,0,0,0,84.4,556.35,0,2,0.7592139085280096,Alto,84.4
8,0,0,0,85.2,695.75,1,2,0.7557775117690694,Alto,85.2
2,0,0,0,81.5,162.55,1,3,0.7536764425365897,Alto,81.5
3,0,0,0,73.85,196.4,1,2,0.7517993447004351,Alto,73.85
3,0,0,0,77.0,237.75,1,2,0.751470729606496,Alto,77.0
6,0,0,0,94.05,518.75,0,3,0.7476409530435397,Alto,94.05
2,0,0,0,80.95,171.15,0,2,0.7466905556973918,Alto,80.95
3,0,0,0,80.7,239.45,0,2,0.7466905556973918,Alto,80.7
3,0,0,0,85.7,256.75,0,1,0.7444676821887687,Alto,85.7
1,0,0,0,24.2,24.2,0,3,0.7419148234078682,Alto,24.2
6,0,0,0,83.9,497.55,0,2,0.7403471487697213,Alto,83.9
2,0,0,0,80.55,184.1,0,2,0.7353278260596984,Alto,80.55
4,0,0,0,80.35,307.4,0,2,0.7353278260596984,Alto,80.35
2,0,0,0,79.95,174.45,0,2,0.7353278260596984,Alto,79.95
2,0,0,0,79.0,143.65,0,2,0.7353278260596984,Alto,79.0
2,0,0,0,74.7,165.4,1,2,0.7332702046340984,Alto,74.7
1,0,0,0,59.85,59.85,0,2,0.7300199825718366,Alto,59.85
1,0,0,0,59.2,59.2,0,2,0.7300199825718366,Alto,59.2
1,0,0,0,69.5,69.5,1,0,0.7288842944116805,Alto,69.5
6,0,0,0,82.85,460.25,0,2,0.7244043471070833,Alto,82.85
14,0,0,0,104.85,1531.4,1,2,0.7215089586117975,Alto,104.85
10,0,0,0,89.5,863.1,0,2,0.7167762949270216,Alto,89.5
1,0,0,0,50.5,50.5,0,2,0.7163974059777092,Alto,50.5
9,0,0,0,84.4,732.5,1,1,0.7155321638128416,Alto,84.4
1,0,0,0,35.55,35.55,0,2,0.7127138935249383,Alto,35.55
1,0,0,0,35.0,35.0,0,2,0.7127138935249383,Alto,35.0
2,0,0,0,75.8,160.75,0,2,0.7120927461443877,Alto,75.8
4,0,0,0,74.35,265.35,0,2,0.7114419900215679,Alto,74.35
4,0,0,0,73.9,280.85,0,2,0.7114419900215679,Alto,73.9
4,0,0,0,76.05,318.9,0,2,0.7110804766181915,Alto,76.05
8,0,0,0,87.05,762.1,0,2,0.710372366118206,Alto,87.05
10,0,0,0,85.6,813.85,0,2,0.710372366118206,Alto,85.6
5,0,0,0,85.3,420.45,0,3,0.7043171029591998,Alto,85.3
16,0,0,0,96.4,1581.2,1,2,0.7033545201562169,Alto,96.4
3,0,0,0,75.05,202.9,1,3,0.7009567559611055,Alto,75.05
3,0,0,0,75.85,256.6,0,2,0.6977561213600836,Alto,75.85
4,0,0,0,75.65,302.35,0,2,0.6977561213600836,Alto,75.65
4,0,0,0,76.65,333.6,0,0,0.6975944870516633,Alto,76.65
5,0,0,0,68.95,351.5,0,2,0.6947636213206047,Alto,68.95
24,0,0,0,99.65,2404.85,0,0,0.6903646369126587,Alto,99.65
1,0,0,0,55.55,55.55,0,3,0.6900817312426948,Alto,55.55
1,0,0,0,50.75,50.75,0,2,0.6879698724992465,Alto,50.75
3,0,0,0,75.5,220.6,0,2,0.6865846265866562,Alto,75.5
26,0,0,0,98.35,2515.3,0,2,0.6857981913302865,Alto,98.35
24,0,0,0,104.25,2433.9,1,2,0.6855223005772616,Alto,104.25
33,0,0,0,100.0,3320.6,0,2,0.6819143649221421,Alto,100.0
7,0,0,0,75.4,533.05,1,2,0.6818791978792172,Alto,75.4
7,0,0,0,74.4,527.9,1,3,0.6808284088674189,Alto,74.4
2,0,0,0,30.4,78.65,1,2,0.6761294978097588,Alto,30.4
15,0,0,0,91.5,1400.3,1,2,0.6754829225097582,Alto,91.5
34,0,0,0,100.05,3480.0,0,2,0.6731728677558811,Alto,100.05
37,0,0,0,100.05,3810.55,0,2,0.6731728677558811,Alto,100.05
15,0,0,0,89.85,1424.95,1,2,0.672286016756089,Alto,89.85
1,0,0,0,50.45,50.45,0,3,0.6701695473870106,Alto,50.45
1,0,0,0,50.45,50.45,0,3,0.6701695473870106,Alto,50.45
3,0,0,0,74.4,215.8,0,0,0.6701181835886694,Alto,74.4
3,0,0,0,73.6,232.5,0,1,0.6701181835886694,Alto,73.6
5,0,0,2,82.75,417.75,0,2,0.667097584772417,Alto,82.75
21,0,0,0,104.35,2271.85,1,2,0.6654240018172967,Alto,104.35
2,0,0,0,70.75,154.85,1,2,0.6611701924947521,Alto,70.75
2,0,0,0,70.65,142.35,1,2,0.6611701924947521,Alto,70.65
3,0,0,0,70.4,204.7,1,2,0.6611701924947521,Alto,70.4
4,0,0,0,70.2,280.35,1,2,0.6611701924947521,Alto,70.2
11,0,0,0,95.15,997.65,1,0,0.6611273228452256,Alto,95.15
1,0,2,0,75.3,75.3,0,3,0.6598230988415615,Alto,75.3
21,0,0,0,99.85,1992.55,0,1,0.6597809573030766,Alto,99.85
2,0,0,0,74.9,147.15,0,1,0.6591382567622359,Alto,74.9
13,0,0,2,99.0,1301.7,0,3,0.6588236435935237,Alto,99.0
8,0,0,0,80.65,633.3,1,1,0.6588148705166951,Alto,80.65
4,0,0,2,90.4,356.65,0,2,0.6577345580664966,Alto,90.4
4,0,0,0,80.3,324.2,0,3,0.65747320187409,Alto,80.3
9,0,0,0,80.8,713.1,0,2,0.6531250329289406,Alto,80.8
6,0,0,0,80.5,463.05,0,1,0.6527372367738775,Alto,80.5
7,0,0,2,89.75,608.8,0,2,0.6502783219661296,Alto,89.75
7,0,0,0,78.55,522.95,0,0,0.6483362643242342,Alto,78.55
1,0,0,0,45.15,45.15,0,3,0.6475527347976376,Alto,45.15
11,0,0,0,84.8,906.85,1,1,0.6473406282653338,Alto,84.8
1,0,0,0,24.8,24.8,0,2,0.6442605415523968,Alto,24.8
8,0,0,0,75.75,606.25,1,2,0.6441232884367458,Alto,75.75
31,0,0,0,93.8,3019.5,0,2,0.6438385271167134,Alto,93.8
5,0,0,0,69.95,330.15,0,2,0.6437296342317088,Alto,69.95
11,0,0,0,84.8,888.75,0,2,0.6415635459641238,Alto,84.8
1,0,0,0,45.2,45.2,1,2,0.6408895922896247,Alto,45.2
1,0,0,0,53.5,53.5,0,3,0.6394404085999842,Alto,53.5
1,0,0,0,50.75,50.75,0,3,0.6394404085999842,Alto,50.75
5,0,0,0,75.6,402.5,0,2,0.6380257551582347,Alto,75.6
13,0,0,2,89.4,1132.35,0,2,0.637656151191376,Alto,89.4
9,0,0,0,88.4,788.6,0,3,0.6333464924128868,Alto,88.4
15,0,0,0,79.4,1156.1,1,2,0.6332665229662139,Alto,79.4
3,0,0,0,41.15,132.2,1,2,0.6325105764559044,Alto,41.15
2,0,0,0,67.75,116.65,0,2,0.6312865593656974,Alto,67.75
2,0,0,2,79.85,152.45,0,2,0.630699841092632,Alto,79.85
17,0,0,0,92.55,1614.7,1,2,0.6302177697990622,Alto,92.55
1,0,0,0,55.45,55.45,0,2,0.6298616372943873,Alto,55.45
1,0,0,0,55.4,55.4,0,2,0.6298616372943873,Alto,55.4
7,0,0,0,75.15,525.0,0,2,0.6292960440710688,Alto,75.15
6,0,0,0,74.9,469.8,0,2,0.6292960440710688,Alto,74.9
2,0,0,0,35.1,68.75,0,2,0.6291120531027266,Alto,35.1
3,0,0,2,89.85,244.45,0,3,0.6285696347181143,Alto,89.85
5,0,0,2,85.4,425.9,0,1,0.6278121667721226,Alto,85.4
11,0,0,0,78.5,874.2,1,2,0.6270474022009745,Alto,78.5
37,0,2,0,106.75,4056.75,1,0,0.6266755849358856,Alto,106.75
4,0,0,2,93.5,362.2,0,2,0.625064532595779,Alto,93.5
4,0,0,0,69.35,261.65,1,2,0.6236464624934253,Alto,69.35
25,0,0,0,95.9,2448.75,0,2,0.6234649957118352,Alto,95.9
19,0,2,2,105.0,2007.25,1,3,0.6189637305727071,Alto,105.0
2,0,0,0,74.9,136.05,0,3,0.6185419516013859,Alto,74.9
1,0,0,0,45.1,45.1,0,0,0.6144836698453,Alto,45.1
15,0,0,0,94.0,1505.45,0,1,0.614377522830611,Alto,94.0
2,0,0,0,70.95,137.95,0,2,0.6136495500983948,Alto,70.95
4,0,0,0,70.5,294.2,0,2,0.6136495500983948,Alto,70.5
2,0,0,0,70.35,139.25,0,2,0.6136495500983948,Alto,70.35
2,0,0,0,69.8,146.65,0,2,0.6136495500983948,Alto,69.8
5,0,0,0,69.7,316.9,0,2,0.6136495500983948,Alto,69.7
18,0,0,0,84.95,1443.65,1,2,0.6131194970591785,Alto,84.95
1,0,0,0,45.95,45.95,0,3,0.6129694492750447,Alto,45.95
1,0,0,0,45.85,45.85,0,3,0.6129694492750447,Alto,45.85
1,0,0,0,45.4,45.4,0,3,0.6129694492750447,Alto,45.4
1,0,0,0,45.35,45.35,0,3,0.6129694492750447,Alto,45.35
44,0,0,0,73.85,3122.4,1,2,0.6128970657272377,Alto,73.85
2,0,0,0,56.55,118.25,1,1,0.6116936559470375,Alto,56.55
2,0,0,0,50.15,115.1,1,1,0.6116936559470375,Alto,50.15
2,0,0,0,44.95,85.15,1,3,0.6114231876708782,Alto,44.95
17,0,0,0,102.55,1742.5,0,2,0.6100944112406358,Alto,102.55
9,0,0,0,76.25,684.85,0,2,0.6065897035920309,Alto,76.25
14,0,0,0,78.1,1122.4,0,2,0.6032225131676319,Alto,78.1
1,0,0,0,25.35,25.35,0,3,0.6030053677581958,Alto,25.35
3,0,0,0,75.0,209.1,0,3,0.6021495786595681,Alto,75.0
7,0,0,0,48.8,349.8,0,2,0.6018615660316772,Alto,48.8
8,0,0,2,90.25,743.75,0,2,0.5912370000350926,Alto,90.25
3,0,0,0,25.25,58.9,0,2,0.5902134849493645,Alto,25.25
11,0,0,0,78.1,864.85,1,1,0.5894372462477868,Alto,78.1
34,0,0,0,94.25,3217.55,1,2,0.5889597775225976,Alto,94.25
13,0,2,0,98.15,1230.25,0,3,0.5885944495855291,Alto,98.15
14,0,0,0,90.45,1266.1,1,1,0.5882724788476128,Alto,90.45
16,0,0,0,85.05,1391.15,1,1,0.5872758007246777,Alto,85.05
4,0,2,0,90.65,367.95,0,2,0.5855435380028845,Alto,90.65
27,0,0,0,95.55,2510.2,1,2,0.5849135942530296,Alto,95.55
5,0,2,0,84.5,453.75,0,2,0.582565972558465,Alto,84.5
23,0,0,0,93.5,2341.55,0,2,0.5785324803056119,Alto,93.5
26,0,0,0,91.25,2351.8,1,2,0.5754432744427386,Alto,91.25
3,0,0,0,43.3,123.65,0,2,0.5752266564706041,Alto,43.3
14,0,0,0,87.25,1258.6,0,2,0.5745114063187695,Alto,87.25
2,0,2,0,91.15,168.5,0,2,0.574457016100748,Alto,91.15
13,0,2,0,96.65,1244.5,0,2,0.5743556068029231,Alto,96.65
6,0,0,0,73.85,401.3,0,3,0.5726727002501045,Alto,73.85
1,0,0,0,24.6,24.6,0,2,0.5726327738245148,Alto,24.6
18,0,2,0,96.05,1740.7,0,2,0.5718871917438495,Alto,96.05
16,0,0,0,74.3,1178.25,1,1,0.571802065050921,Alto,74.3
47,0,0,0,99.7,4747.2,1,2,0.57076483809702,Alto,99.7
4,0,0,0,29.9,118.25,1,2,0.5706346950162389,Alto,29.9
8,0,0,0,74.85,572.45,0,2,0.5690599056514951,Alto,74.85
53,0,0,0,103.85,5485.5,1,2,0.5671652917353877,Alto,103.85
53,0,0,0,101.9,5549.4,1,2,0.5671652917353877,Alto,101.9
4,0,0,0,72.2,305.55,0,0,0.5668476431031246,Alto,72.2
2,0,0,0,70.0,153.05,0,0,0.5668476431031246,Alto,70.0
5,0,0,0,69.95,320.4,0,1,0.5668476431031246,Alto,69.95
2,0,0,0,69.75,144.55,0,0,0.5668476431031246,Alto,69.75
15,0,0,0,83.2,1130.0,0,0,0.5594044270555975,Alto,83.2
7,0,0,0,75.1,552.95,0,0,0.5587109793432957,Alto,75.1
17,0,0,0,100.45,1622.45,1,1,0.5578295454390378,Alto,100.45
3,0,0,0,35.2,108.95,0,1,0.5573381343236467,Alto,35.2
47,0,0,0,106.35,4849.1,0,2,0.5572906464207799,Alto,106.35
13,0,0,2,89.05,1169.35,1,0,0.5557234701947206,Alto,89.05
11,0,0,0,74.35,834.2,0,2,0.554160078378876,Alto,74.35
47,0,0,0,106.4,5127.95,0,2,0.5511841392730865,Alto,106.4
15,0,0,0,84.3,1308.4,0,2,0.5497549987916439,Alto,84.3
42,0,0,0,104.75,4323.45,1,0,0.5493869697672212,Alto,104.75
19,0,0,0,86.85,1564.4,0,2,0.5463753044046136,Alto,86.85
25,0,0,0,89.5,2196.15,1,2,0.5462712922681771,Alto,89.5
1,0,0,0,50.05,50.05,0,2,0.5444227205136902,Alto,50.05
1,0,0,0,49.95,49.95,0,2,0.5444227205136902,Alto,49.95
14,0,0,0,74.95,1036.75,1,2,0.5428811661820472,Alto,74.95
10,1,2,0,98.9,1064.95,0,2,0.5421820224535794,Alto,98.9
3,0,0,0,69.55,222.3,0,0,0.5416571898763246,Alto,69.55
3,0,0,0,69.15,235.0,0,0,0.5416571898763246,Alto,69.15
1,0,0,0,24.4,24.4,0,3,0.5404919364022097,Alto,24.4
1,0,0,0,24.4,24.4,0,3,0.5404919364022097,Alto,24.4
2,0,0,0,44.9,111.05,0,0,0.5395812789529333,Alto,44.9
20,0,0,0,90.2,1776.55,0,2,0.5364799582052092,Alto,90.2
18,0,0,0,77.8,1358.6,0,2,0.5351049271242904,Alto,77.8
12,0,0,0,106.7,1253.9,0,2,0.5342090588643835,Alto,106.7
13,0,0,0,80.85,1008.7,0,2,0.5327541621097103,Alto,80.85
32,0,0,0,74.4,2276.95,1,2,0.5323190090825315,Alto,74.4
21,0,0,0,95.4,2025.1,1,0,0.5320170863470671,Alto,95.4
7,0,0,0,75.45,480.75,0,3,0.5316765011532091,Alto,75.45
21,0,0,0,86.5,1808.7,0,2,0.5286800007182628,Alto,86.5
36,0,0,0,84.1,3021.6,1,2,0.5276750657328961,Alto,84.1
14,0,0,0,75.1,1013.35,1,2,0.5271431159220802,Alto,75.1
66,0,0,0,105.2,6936.85,0,2,0.5261342915978209,Alto,105.2
30,0,0,0,100.2,2983.8,0,2,0.5246893947821976,Alto,100.2
22,0,0,0,89.4,2001.5,0,2,0.5238080402199491,Alto,89.4
3,0,0,0,70.3,220.4,0,3,0.5232105083095706,Alto,70.3
2,0,0,0,69.95,143.9,0,3,0.5232105083095706,Alto,69.95
10,0,2,2,110.1,1043.3,0,2,0.5229625024048199,Alto,110.1
1,0,0,0,44.15,44.15,0,3,0.5228556702935966,Alto,44.15
1,0,0,0,29.95,29.95,0,0,0.5213224135736928,Alto,29.95
19,0,0,0,79.85,1471.75,1,2,0.5212758919141994,Alto,79.85
46,0,0,0,99.8,4391.25,0,2,0.5210841576713853,Alto,99.8
49,0,0,0,99.8,4872.45,0,2,0.5210841576713853,Alto,99.8
20,0,0,2,98.55,2031.95,0,3,0.520367586928992,Alto,98.55
13,0,0,0,79.8,973.45,0,2,0.5179897255735376,Alto,79.8
1,0,0,2,52.2,52.2,0,2,0.5177438929774804,Alto,52.2
31,0,0,0,94.5,2979.2,0,2,0.5176416257291383,Alto,94.5
50,0,0,0,95.05,4888.7,1,2,0.5164256869976414,Alto,95.05
3,0,0,0,25.0,78.25,0,3,0.5146452526480488,Alto,25.0
45,0,0,0,93.9,4200.25,1,0,0.5109977528483737,Alto,93.9
22,0,2,0,101.35,2317.1,0,0,0.5108080205846062,Alto,101.35
1,0,0,2,62.05,62.05,0,3,0.5104949507083888,Alto,62.05
34,0,0,0,106.35,3549.25,0,2,0.5065237948553601,Alto,106.35
4,0,0,0,48.75,179.85,1,3,0.5063809093090204,Alto,48.75
2,0,0,0,54.15,101.65,0,3,0.5058133453587152,Alto,54.15
2,0,0,0,50.3,92.75,0,3,0.5058133453587152,Alto,50.3
2,0,0,0,49.2,103.7,0,3,0.5058133453587152,Alto,49.2
5,0,2,0,90.35,434.5,0,3,0.5049588973757679,Alto,90.35
18,0,0,0,95.15,1779.95,0,3,0.5047605243995038,Alto,95.15
3,0,2,0,86.05,244.85,0,3,0.5031621111881127,Alto,86.05
1,0,2,0,55.7,55.7,0,3,0.5021476463952576,Alto,55.7
37,0,0,0,95.25,3314.15,0,2,0.5016911408864175,Alto,95.25
1,0,0,0,50.15,50.15,0,3,0.5005648435906421,Alto,50.15
20,0,0,0,85.8,1727.5,1,1,0.49840106907853526,Moderado,85.8
30,0,0,0,100.45,3096.9,0,2,0.49785755230671175,Moderado,100.45
40,0,0,0,102.65,4108.15,0,3,0.49570772400902785,Moderado,102.65
29,0,0,0,84.9,2516.2,0,2,0.49392065729336826,Moderado,84.9
6,0,0,0,69.1,435.0,0,2,0.4937099187259235,Moderado,69.1
2,0,2,0,74.4,139.4,0,2,0.4922082292545409,Moderado,74.4
4,1,0,2,105.65,443.9,0,2,0.4914427420384758,Moderado,105.65
13,0,0,0,23.9,300.8,0,2,0.4911911889969352,Moderado,23.9
34,0,0,0,75.55,2425.4,1,2,0.4908930923209056,Moderado,75.55
6,0,0,0,44.7,276.5,1,1,0.4905030291071569,Moderado,44.7
10,0,0,0,70.3,738.2,0,2,0.48990661649825307,Moderado,70.3
10,0,0,0,70.0,740.0,0,2,0.48990661649825307,Moderado,70.0
13,0,0,0,74.4,896.75,0,1,0.48856365463611484,Moderado,74.4
24,0,0,0,90.35,2238.5,0,2,0.48828766567203646,Moderado,90.35
13,0,0,0,78.3,1033.95,0,1,0.48806215206454984,Moderado,78.3
4,0,0,0,44.55,174.3,0,2,0.4868515172271216,Moderado,44.55
33,0,0,0,91.25,2964.05,0,2,0.4856319261413587,Moderado,91.25
31,0,0,0,91.15,2995.45,0,2,0.4856319261413587,Moderado,91.15
32,0,0,0,91.05,2871.5,0,2,0.4856319261413587,Moderado,91.05
35,0,0,0,95.45,3474.05,1,2,0.48483431766560664,Moderado,95.45
22,0,0,0,89.25,1907.85,0,2,0.4836272771375065,Moderado,89.25
21,0,0,0,73.7,1558.7,0,2,0.4818351508579932,Moderado,73.7
1,0,2,0,54.9,54.9,0,2,0.4811736798312102,Moderado,54.9
54,0,0,0,90.05,4931.8,1,2,0.47895417083694314,Moderado,90.05
2,0,0,2,70.3,132.4,0,2,0.47789044071661585,Moderado,70.3
3,0,0,0,40.15,130.75,0,3,0.4775030788455514,Moderado,40.15
30,0,0,0,85.0,2624.25,0,2,0.476488891058164,Moderado,85.0
50,0,0,0,95.7,4729.75,0,2,0.475089907321962,Moderado,95.7
7,0,2,0,76.45,503.6,1,0,0.47104412922412703,Moderado,76.45
11,0,0,0,72.9,818.45,0,2,0.4708630523401746,Moderado,72.9
33,0,0,0,93.35,3092.0,0,2,0.4707998090567704,Moderado,93.35
54,0,0,0,99.05,5295.7,1,1,0.4700240356721499,Moderado,99.05
17,0,0,0,80.85,1400.85,0,2,0.46890403219199633,Moderado,80.85
7,0,0,0,64.95,493.65,1,2,0.4686643979523404,Moderado,64.95
27,0,0,0,78.05,2135.5,1,2,0.46550376828218665,Moderado,78.05
1,0,0,0,49.95,49.95,0,0,0.46509659873905995,Moderado,49.95
6,0,0,0,50.35,314.55,0,2,0.4640628789250661,Moderado,50.35
1,0,1,1,20.15,20.15,0,3,0.4616937889896391,Moderado,20.15
1,0,1,1,20.1,20.1,0,3,0.4616937889896391,Moderado,20.1
18,0,0,0,74.15,1345.75,0,2,0.46032282588918416,Moderado,74.15
1,0,1,1,19.45,19.45,0,3,0.45966941768091973,Moderado,19.45
3,0,0,0,44.75,148.05,0,3,0.4596486168837551,Moderado,44.75
37,0,0,0,76.5,2868.15,1,2,0.45870909108098595,Moderado,76.5
37,0,0,0,76.25,2841.55,1,2,0.45870909108098595,Moderado,76.25
57,0,0,0,100.6,5746.15,1,2,0.4580933155887346,Moderado,100.6
22,1,0,0,100.05,2090.25,0,3,0.45752602658015384,Moderado,100.05
16,0,0,0,74.75,1129.35,0,1,0.4574479767966551,Moderado,74.75
14,0,0,0,70.2,1046.5,0,2,0.4567280366448306,Moderado,70.2
24,0,0,0,76.1,1712.7,1,2,0.4558707409567313,Moderado,76.1
41,0,2,0,113.2,4689.5,1,2,0.45439576473447235,Moderado,113.2
28,0,0,0,96.6,2684.35,0,1,0.45403281901345555,Moderado,96.6
3,0,0,2,69.35,191.35,0,2,0.45252319715012995,Moderado,69.35
33,0,0,0,105.35,3465.05,1,0,0.45159294612359013,Moderado,105.35
35,0,0,0,83.15,2848.45,0,2,0.44941877939875785,Moderado,83.15
31,0,0,0,80.45,2429.1,0,2,0.4481804526949358,Moderado,80.45
52,1,0,0,106.5,5621.85,1,2,0.44782011403515587,Moderado,106.5
36,0,0,0,85.25,3132.75,1,1,0.4463682044627936,Moderado,85.25
27,0,0,0,81.45,2122.05,1,2,0.4456077774212497,Moderado,81.45
18,0,0,0,80.55,1411.65,1,1,0.445513037983822,Moderado,80.55
3,0,0,2,29.9,92.25,0,2,0.44298957710344833,Moderado,29.9
33,0,0,0,83.85,2716.3,1,1,0.43957120753889983,Moderado,83.85
35,0,0,0,70.55,2419.0,1,2,0.4387078499945385,Moderado,70.55
1,0,1,1,20.0,20.0,0,2,0.43640441765519966,Moderado,20.0
18,0,0,0,90.7,1597.25,0,1,0.43449803101215034,Moderado,90.7
9,0,0,0,44.4,348.15,0,3,0.4344390574761182,Moderado,44.4
22,0,0,0,79.35,1730.35,0,2,0.4330582343398434,Moderado,79.35
4,0,0,0,50.7,151.3,0,1,0.43296337607544944,Moderado,50.7
5,0,0,0,44.05,202.15,0,1,0.43296337607544944,Moderado,44.05
16,0,0,0,69.65,1043.3,1,2,0.4314868759489723,Moderado,69.65
27,0,0,0,75.5,1893.95,1,2,0.43062197278858494,Moderado,75.5
18,0,0,2,88.85,1594.75,0,2,0.42919066495488434,Moderado,88.85
17,0,2,0,85.35,1463.45,1,0,0.4287468192977338,Moderado,85.35
6,0,0,0,30.5,208.7,0,1,0.4281378741327908,Moderado,30.5
1,0,1,1,19.45,19.45,0,2,0.4276697575233297,Moderado,19.45
1,0,1,1,19.45,19.45,0,2,0.4276697575233297,Moderado,19.45
20,0,2,2,96.55,1901.65,0,2,0.4260226646821588,Moderado,96.55
9,0,0,2,75.85,647.5,0,2,0.4247844625099404,Moderado,75.85
10,0,0,0,72.15,794.25,0,1,0.42467131543829834,Moderado,72.15
13,0,0,0,70.15,931.75,0,2,0.4242536223666774,Moderado,70.15
46,0,2,2,110.2,4972.1,1,2,0.42253317820384134,Moderado,110.2
32,0,0,0,78.9,2447.95,0,2,0.42090461060189616,Moderado,78.9
25,0,0,0,89.15,2257.75,0,0,0.4196216706119794,Moderado,89.15
1,0,2,0,48.75,48.75,0,3,0.417729912794191,Moderado,48.75
48,0,0,0,91.05,4370.75,1,1,0.41714818743751286,Moderado,91.05
34,0,0,0,79.6,2718.3,1,3,0.41677241138428267,Moderado,79.6
31,0,0,0,81.15,2640.55,0,2,0.4165058019234039,Moderado,81.15
18,0,0,0,84.3,1537.9,0,0,0.41579893512799543,Moderado,84.3
38,0,0,2,105.0,4026.4,0,2,0.4144254618461211,Moderado,105.0
68,1,2,2,117.2,8035.95,0,1,0.41329900780198264,Moderado,117.2
42,1,0,2,108.3,4586.15,0,2,0.4130315631670555,Moderado,108.3
1,0,0,2,49.3,49.3,0,2,0.4126766956143384,Moderado,49.3
20,0,0,0,89.0,1820.45,0,3,0.4096936853273328,Moderado,89.0
27,0,2,0,101.25,2754.45,1,2,0.409581035181216,Moderado,101.25
3,0,0,2,64.6,174.2,0,2,0.4087012272793075,Moderado,64.6
7,0,2,0,79.65,604.7,0,3,0.40743960895877046,Moderado,79.65
50,0,2,0,108.75,5431.9,1,0,0.4072182925698667,Moderado,108.75
43,0,0,0,75.35,3161.4,0,1,0.4063831507276946,Moderado,75.35
28,0,0,0,89.9,2433.5,0,1,0.40394164473958283,Moderado,89.9
27,0,0,2,83.85,2310.2,1,2,0.4035539013037814,Moderado,83.85
47,0,2,0,98.75,4533.7,0,2,0.40325279289696697,Moderado,98.75
1,0,1,1,20.2,20.2,0,0,0.40311003403759943,Moderado,20.2
17,0,0,0,76.65,1313.55,0,2,0.4029874474709163,Moderado,76.65
25,0,2,2,105.5,2686.05,0,2,0.4029655305021143,Moderado,105.5
22,0,0,0,87.0,1850.65,0,0,0.40048575875200965,Moderado,87.0
60,0,0,0,105.9,6396.45,0,2,0.40028497857624806,Moderado,105.9
35,0,0,0,24.15,812.5,0,2,0.40020324624469267,Moderado,24.15
2,0,2,0,42.6,72.4,0,2,0.40007372026792615,Moderado,42.6
46,0,0,0,96.05,4399.5,0,0,0.3983323720700957,Moderado,96.05
53,0,0,2,108.25,5935.1,0,0,0.3982528906103083,Moderado,108.25
1,0,1,1,20.05,20.05,0,3,0.397298896611327,Moderado,20.05
1,0,1,1,19.9,19.9,0,3,0.397298896611327,Moderado,19.9
1,0,1,1,19.8,19.8,0,3,0.397298896611327,Moderado,19.8
1,0,1,1,19.75,19.75,0,3,0.397298896611327,Moderado,19.75
1,0,1,1,19.75,19.75,0,3,0.397298896611327,Moderado,19.75
1,0,1,1,19.75,19.75,0,3,0.397298896611327,Moderado,19.75
1,0,1,1,19.75,19.75,0,3,0.397298896611327,Moderado,19.75
1,0,1,1,19.65,19.65,0,3,0.397298896611327,Moderado,19.65
6,0,0,0,69.25,418.4,0,3,0.39472734975058116,Moderado,69.25
34,0,0,2,108.9,3625.2,1,2,0.3946360831153112,Moderado,108.9
23,0,0,0,74.95,1710.45,0,2,0.39178114604232733,Moderado,74.95
7,0,2,0,74.35,533.6,0,3,0.39168310041673976,Moderado,74.35
6,0,0,0,55.3,324.25,0,3,0.39152756683216905,Moderado,55.3
9,0,0,0,29.95,248.95,0,2,0.3912056550445346,Moderado,29.95
57,0,0,0,89.85,4925.35,1,2,0.3910661658541471,Moderado,89.85
5,0,0,0,50.6,249.95,0,3,0.3903448300504021,Moderado,50.6
5,0,0,0,46.0,221.7,0,3,0.3903448300504021,Moderado,46.0
4,0,0,0,44.55,220.75,0,3,0.3903448300504021,Moderado,44.55
28,0,0,0,81.05,2227.1,0,2,0.3891450330391899,Moderado,81.05
55,0,2,0,44.85,2479.05,1,2,0.3886903561875662,Moderado,44.85
24,0,0,0,88.95,2072.75,0,1,0.38780223870425357,Moderado,88.95
52,0,0,2,102.7,5138.1,0,1,0.3873974403510613,Moderado,102.7
32,0,0,0,81.1,2619.25,1,1,0.38737116903096347,Moderado,81.1
20,0,2,0,79.15,1520.9,1,2,0.3873016293283236,Moderado,79.15
25,0,0,0,69.3,1813.1,1,2,0.3870761551275458,Moderado,69.3
42,0,0,0,55.65,2421.75,1,2,0.38699270422197757,Moderado,55.65
26,0,2,0,92.4,2349.8,0,1,0.386546598954314,Moderado,92.4
17,0,0,0,45.05,770.6,1,2,0.3855104153188493,Moderado,45.05
15,0,2,0,86.2,1270.2,0,2,0.38448449108970695,Moderado,86.2
22,0,0,0,89.1,1949.4,0,1,0.38338237041615303,Moderado,89.1
12,0,2,0,78.95,927.35,0,2,0.3818882389905131,Moderado,78.95
50,1,0,2,106.8,5347.95,1,2,0.3812844127786388,Moderado,106.8
69,0,0,0,99.45,7007.6,0,1,0.380922947084944,Moderado,99.45
1,0,1,1,19.55,19.55,0,3,0.3790708490330854,Moderado,19.55
13,1,0,0,104.15,1299.1,0,1,0.3788909346751784,Moderado,104.15
7,0,0,2,44.4,265.8,1,2,0.37835439225954076,Moderado,44.4
9,0,0,0,69.05,653.95,0,1,0.37729525255761204,Moderado,69.05
22,0,0,0,84.15,1821.95,0,0,0.3765911394439571,Moderado,84.15
18,0,0,0,74.15,1387.0,0,3,0.3748528595712492,Moderado,74.15
23,0,2,0,90.0,2024.1,1,2,0.3746264774094177,Moderado,90.0
68,0,0,0,95.9,6503.2,1,2,0.3738158705711437,Moderado,95.9
33,0,0,0,80.6,2656.5,1,0,0.37376785928106393,Moderado,80.6
16,0,0,2,89.05,1448.6,0,1,0.3735930618049254,Moderado,89.05
61,0,0,0,99.15,6010.05,0,2,0.37300617921437706,Moderado,99.15
47,0,0,0,86.05,3865.6,1,1,0.37277413757079675,Moderado,86.05
36,0,2,0,90.85,3186.7,1,2,0.3724643498963589,Moderado,90.85
12,0,2,0,81.7,858.6,0,0,0.3722799771076924,Moderado,81.7
7,0,0,0,25.05,189.95,0,0,0.3722484544528649,Moderado,25.05
7,0,2,2,81.25,580.1,0,0,0.3701723516958562,Moderado,81.25
50,0,0,0,71.05,3444.85,1,2,0.36943029286017076,Moderado,71.05
1,0,1,1,19.75,19.75,0,2,0.3678613556586191,Moderado,19.75
12,1,0,0,95.7,1184.0,0,2,0.3672733398329015,Moderado,95.7
48,0,2,0,105.25,4997.5,0,1,0.36676970242633733,Moderado,105.25
38,0,0,0,101.15,3956.7,0,1,0.36665812923581015,Moderado,101.15
22,0,0,0,50.6,1073.3,0,2,0.36347309413905604,Moderado,50.6
57,0,0,2,104.9,5913.95,1,0,0.3629467358077427,Moderado,104.9
22,0,2,0,81.7,1820.9,1,2,0.3627487651449618,Moderado,81.7
16,0,0,0,72.65,1194.3,0,2,0.36264161060303407,Moderado,72.65
6,0,0,0,45.65,323.45,0,3,0.3612817152781683,Moderado,45.65
7,0,0,0,44.25,313.45,0,3,0.3612817152781683,Moderado,44.25
7,0,0,0,43.9,278.4,0,3,0.3612817152781683,Moderado,43.9
38,0,0,0,74.95,2869.85,1,0,0.35963080298361555,Moderado,74.95
1,0,1,1,21.0,21.0,0,2,0.358746687739449,Moderado,21.0
19,0,0,0,56.2,1093.4,0,2,0.35805684551728506,Moderado,56.2
34,0,0,0,84.05,2909.95,0,3,0.3578674855267593,Moderado,84.05
63,0,0,0,103.5,6479.4,1,2,0.3570307272706452,Moderado,103.5
32,0,0,0,84.15,2585.95,0,0,0.35684760323816767,Moderado,84.15
61,0,0,2,114.1,7132.15,0,2,0.3551097817819359,Moderado,114.1
1,0,1,1,24.0,24.0,0,3,0.3547705350724387,Moderado,24.0
3,0,0,2,31.0,95.05,0,3,0.3542215301294071,Moderado,31.0
9,0,0,0,34.7,296.1,0,1,0.3520129098229614,Moderado,34.7
1,0,1,1,19.3,19.3,0,3,0.35112728012492456,Moderado,19.3
8,0,0,0,54.4,475.1,0,2,0.35030554999002134,Moderado,54.4
60,1,0,0,104.35,6339.45,1,2,0.3492434848935516,Moderado,104.35
62,1,0,0,103.75,6383.35,1,2,0.3492434848935516,Moderado,103.75
14,1,2,2,105.95,1348.9,0,3,0.3470382737782062,Moderado,105.95
1,0,2,2,70.45,70.45,0,0,0.34676942535727084,Moderado,70.45
19,0,0,2,89.95,1682.4,0,3,0.3463972313219257,Moderado,89.95
6,0,0,0,59.45,357.6,0,2,0.3456584738278402,Moderado,59.45
52,0,0,0,49.15,2550.9,1,2,0.3442675302965896,Moderado,49.15
18,0,2,0,87.9,1500.5,0,3,0.3442213154545426,Moderado,87.9
25,0,0,0,69.75,1729.35,0,2,0.3430329031168035,Moderado,69.75
40,1,0,2,105.95,4335.2,0,1,0.3419723980692295,Moderado,105.95
18,0,0,0,75.6,1395.05,0,0,0.34158303892255537,Moderado,75.6
54,0,0,0,89.4,4869.5,0,1,0.34092466110685227,Moderado,89.4
8,0,0,0,43.35,371.4,1,3,0.34026544352924964,Moderado,43.35
65,0,0,0,108.8,7082.45,1,0,0.3402498414884137,Moderado,108.8
36,0,0,0,97.35,3457.9,0,0,0.3396275724858329,Moderado,97.35
20,0,2,0,89.4,1871.15,0,0,0.3394313240444276,Moderado,89.4
66,1,0,0,104.9,6891.45,1,2,0.3387088577958352,Moderado,104.9
2,0,0,2,54.35,117.05,0,3,0.33799481279446225,Moderado,54.35
3,0,0,2,50.5,147.75,0,3,0.33799481279446225,Moderado,50.5
3,0,0,2,50.25,152.3,0,3,0.33799481279446225,Moderado,50.25
34,0,0,0,69.15,2275.1,1,1,0.3378725370354352,Moderado,69.15
7,0,2,0,48.2,340.35,1,2,0.33785715333005717,Moderado,48.2
48,0,2,0,111.45,5315.1,0,0,0.33549902537030046,Moderado,111.45
7,1,0,0,94.05,633.45,0,3,0.33434398216987266,Moderado,94.05
65,1,0,0,106.25,6979.8,1,2,0.33426875143810864,Moderado,106.25
15,0,0,0,49.0,749.25,0,2,0.3337956655851189,Moderado,49.0
1,0,0,2,49.9,49.9,0,3,0.33316740421202223,Moderado,49.9
5,0,0,2,65.6,339.9,0,0,0.33252708780462026,Moderado,65.6
3,0,0,2,65.25,209.9,0,3,0.33216311404400634,Moderado,65.25
3,0,0,2,60.65,196.9,0,3,0.33216311404400634,Moderado,60.65
30,0,2,0,90.5,2595.85,1,1,0.33212998153920187,Moderado,90.5
34,0,0,0,56.25,1765.95,1,2,0.33117991614774295,Moderado,56.25
45,0,0,0,89.3,4192.15,0,1,0.3308304991522928,Moderado,89.3
43,1,0,2,104.3,4451.85,0,1,0.3292622926724312,Moderado,104.3
13,0,0,0,55.95,734.35,0,2,0.3285933573775825,Moderado,55.95
20,0,2,2,108.2,2203.7,0,0,0.3274207957473909,Moderado,108.2
63,0,0,2,105.4,6713.2,0,2,0.3259265204880703,Moderado,105.4
1,0,2,0,49.75,49.75,0,2,0.3259190648236713,Moderado,49.75
1,0,1,1,20.55,20.55,0,2,0.32487166120796257,Moderado,20.55
51,1,0,0,106.8,5498.8,0,0,0.324613679256233,Moderado,106.8
11,0,0,0,64.9,716.1,0,2,0.32284476300725856,Moderado,64.9
19,0,0,0,39.7,710.05,0,2,0.3224003022592793,Moderado,39.7
19,0,0,0,39.65,733.35,0,2,0.3224003022592793,Moderado,39.65
58,0,0,2,100.4,5749.8,1,0,0.32159721106503236,Moderado,100.4
66,0,0,0,99.5,6822.15,1,1,0.3211698513492506,Moderado,99.5
1,0,1,1,20.5,20.5,0,3,0.32108296753291987,Moderado,20.5
10,0,0,0,33.9,298.45,0,3,0.32097863551950034,Moderado,33.9
21,0,2,0,28.5,629.35,0,2,0.32090767328667014,Moderado,28.5
24,0,0,0,79.65,1928.7,0,3,0.3206267316997905,Moderado,79.65
50,0,2,0,83.4,4113.7,1,2,0.3201503828257729,Moderado,83.4
57,0,0,0,95.25,5427.05,1,0,0.3190104962999606,Moderado,95.25
17,1,0,2,98.6,1704.95,0,0,0.3184145308769146,Moderado,98.6
20,0,0,0,49.6,939.8,0,2,0.3179871756277873,Moderado,49.6
21,0,0,0,44.95,926.25,0,2,0.3179871756277873,Moderado,44.95
36,0,0,2,87.55,3078.1,0,2,0.31721000512988656,Moderado,87.55
35,0,0,2,76.05,2747.2,1,2,0.3142974487113965,Moderado,76.05
13,0,0,0,25.15,331.85,0,0,0.3142643379418661,Moderado,25.15
17,0,0,2,92.7,1556.85,0,1,0.3131902536795284,Moderado,92.7
44,1,2,0,106.05,4510.8,0,2,0.3103961248805782,Moderado,106.05
35,0,2,2,100.5,3653.35,1,0,0.3099753034198189,Moderado,100.5
32,0,0,0,80.35,2596.15,0,0,0.3090538496833619,Moderado,80.35
46,1,0,2,103.15,4594.65,0,2,0.30901509990095594,Moderado,103.15
1,0,1,1,19.4,19.4,0,3,0.3089498555143457,Moderado,19.4
32,0,2,0,93.4,2979.3,0,1,0.3071515943446346,Moderado,93.4
23,0,0,2,90.6,1943.2,0,2,0.30508042645015443,Moderado,90.6
5,0,0,2,63.95,318.1,0,1,0.30455774743225916,Moderado,63.95
4,0,0,2,61.45,229.55,0,1,0.30455774743225916,Moderado,61.45
1,0,2,2,53.95,53.95,0,2,0.30283028178406574,Moderado,53.95
55,0,0,0,81.55,4509.5,0,2,0.3022232802106437,Moderado,81.55
22,0,0,2,90.5,1910.6,1,0,0.3018345454231378,Moderado,90.5
1,0,1,1,25.0,25.0,0,3,0.3017492153040666,Moderado,25.0
24,0,2,0,78.85,1772.25,1,2,0.30095818910574407,Moderado,78.85
39,1,0,0,100.0,3835.55,0,2,0.30042110258944993,Moderado,100.0
40,1,2,0,105.75,4228.55,0,0,0.2993763711870835,Bajo,105.75
63,0,0,2,109.85,7002.95,0,1,0.2982241117405177,Bajo,109.85
16,0,0,0,71.4,1212.1,0,0,0.2979282708591145,Bajo,71.4
10,0,0,0,67.8,653.15,0,1,0.29555136908983914,Bajo,67.8
68,0,2,2,107.7,7320.9,0,2,0.2952381447307957,Bajo,107.7
67,1,0,0,105.4,6989.45,0,2,0.2946284417660083,Bajo,105.4
50,1,2,0,103.95,5231.3,0,2,0.2931794653513517,Bajo,103.95
59,0,0,0,88.75,5348.65,1,1,0.29282209530375375,Bajo,88.75
1,0,1,1,20.7,20.7,0,2,0.29055577984791514,Bajo,20.7
1,0,1,1,20.35,20.35,0,3,0.29053677943821865,Bajo,20.35
1,0,1,1,20.3,20.3,0,3,0.29053677943821865,Bajo,20.3
1,0,1,1,20.25,20.25,0,3,0.29053677943821865,Bajo,20.25
1,0,1,1,20.25,20.25,0,3,0.29053677943821865,Bajo,20.25
19,1,0,2,100.95,1875.55,0,2,0.2899781180262446,Bajo,100.95
8,0,0,2,68.55,564.35,0,2,0.28985915310510113,Bajo,68.55
58,1,2,0,107.75,6332.75,0,2,0.2872771405821551,Bajo,107.75
28,1,2,0,106.1,2847.4,0,2,0.28709471823429134,Bajo,106.1
1,0,1,1,20.6,20.6,0,3,0.2869971588340934,Bajo,20.6
41,0,0,0,40.35,1677.85,0,2,0.28673265697529005,Bajo,40.35
46,0,2,0,85.0,3969.4,1,2,0.2867182403681739,Bajo,85.0
9,0,0,0,24.6,190.1,0,3,0.2864191507410817,Bajo,24.6
55,0,2,2,116.5,6382.55,1,2,0.2859885921059039,Bajo,116.5
18,0,0,0,57.45,990.85,0,2,0.28467234152927434,Bajo,57.45
1,0,2,0,49.8,49.8,0,1,0.28442238639501355,Bajo,49.8
60,0,0,0,89.45,5294.6,1,2,0.28348307942047135,Bajo,89.45
55,0,2,0,96.75,5238.9,0,2,0.2832986231766244,Bajo,96.75
61,0,2,0,106.45,6300.15,0,2,0.2794672431201074,Bajo,106.45
55,0,0,0,73.1,4144.9,0,2,0.2792566174141349,Bajo,73.1
61,1,0,0,104.4,6405.0,1,1,0.27806213078859465,Bajo,104.4
4,0,0,2,56.5,235.1,0,3,0.27760988114906693,Bajo,56.5
4,0,0,2,50.05,179.35,0,3,0.27760988114906693,Bajo,50.05
54,1,2,0,106.55,5763.3,0,0,0.27492990213493984,Bajo,106.55
12,0,0,0,58.35,740.55,0,1,0.27332833578510074,Bajo,58.35
11,0,0,0,45.2,492.0,0,1,0.27332833578510074,Bajo,45.2
10,0,0,0,60.2,563.5,0,3,0.27259962693057777,Bajo,60.2
4,0,0,2,64.4,253.0,0,3,0.2723913604397812,Bajo,64.4
18,0,0,0,55.95,1082.8,0,3,0.27167713503944585,Bajo,55.95
4,0,2,0,49.35,219.65,0,2,0.2716685634656302,Bajo,49.35
17,0,0,0,70.4,1214.05,0,0,0.27102594850777456,Bajo,70.4
15,0,0,0,69.0,994.8,0,0,0.26858766901703257,Bajo,69.0
62,0,2,0,105.5,6487.2,0,2,0.26813363810045815,Bajo,105.5
53,1,2,0,106.95,5785.5,0,1,0.2678362562832173,Bajo,106.95
11,0,0,0,59.65,683.25,0,0,0.2674067480766118,Bajo,59.65
12,0,0,0,49.05,593.05,0,0,0.2674067480766118,Bajo,49.05
13,0,0,0,48.75,633.4,0,0,0.2674067480766118,Bajo,48.75
12,0,0,0,45.0,524.35,0,0,0.2674067480766118,Bajo,45.0
19,0,0,0,69.6,1394.55,0,3,0.2671006093402664,Bajo,69.6
27,0,0,0,75.75,1929.0,0,0,0.26706203684509827,Bajo,75.75
22,0,2,0,75.0,1573.95,0,0,0.265215492178765,Bajo,75.0
69,0,0,0,85.4,5869.4,0,0,0.26403740000983567,Bajo,85.4
33,0,0,2,95.0,3008.15,0,1,0.26370345029377973,Bajo,95.0
48,1,2,0,103.25,5037.55,0,1,0.26325142144256336,Bajo,103.25
60,0,0,2,103.75,5969.95,0,0,0.2614039548645753,Bajo,103.75
1,0,1,1,20.45,20.45,0,3,0.2610469378870988,Bajo,20.45
1,0,1,1,20.4,20.4,0,3,0.2610469378870988,Bajo,20.4
55,0,0,2,90.45,5044.8,1,2,0.25862032599900464,Bajo,90.45
8,0,2,0,60.9,551.95,1,0,0.25801395826661744,Bajo,60.9
29,0,0,0,45.9,1332.4,0,2,0.25682586934072654,Bajo,45.9
47,1,2,2,103.7,4730.6,0,2,0.2559156353970297,Bajo,103.7
41,0,2,0,81.3,3190.65,0,1,0.2551817896607904,Bajo,81.3
46,1,0,0,94.15,4408.45,0,2,0.2541694843445783,Bajo,94.15
53,2,0,0,105.55,5682.25,0,2,0.25376823094067,Bajo,105.55
49,1,2,0,109.2,5290.45,0,1,0.25268697903836107,Bajo,109.2
53,0,2,0,90.8,4921.2,0,2,0.2526213416244519,Bajo,90.8
1,0,0,2,29.15,29.15,0,3,0.248784613634892,Bajo,29.15
22,0,2,0,49.8,1049.05,0,2,0.24735697157930567,Bajo,49.8
7,0,2,0,50.7,350.35,0,3,0.24724596598804766,Bajo,50.7
68,1,0,2,108.45,7176.55,0,2,0.24694340181609137,Bajo,108.45
15,0,0,0,48.8,720.1,0,3,0.24659119819756464,Bajo,48.8
44,1,0,0,94.4,4295.35,0,2,0.24568645387101362,Bajo,94.4
67,2,0,2,111.2,7530.8,0,0,0.24532247727210765,Bajo,111.2
5,0,2,0,55.8,300.4,0,1,0.24432866220388882,Bajo,55.8
46,1,2,2,105.2,4822.85,0,0,0.24398931263218646,Bajo,105.2
45,1,0,0,100.15,4459.8,1,0,0.2437152979896167,Bajo,100.15
51,1,2,2,110.05,5686.4,0,1,0.24339402083954784,Bajo,110.05
6,0,0,2,48.8,297.35,0,3,0.24070083437142525,Bajo,48.8
1,0,1,1,20.75,20.75,0,1,0.24066984281819293,Bajo,20.75
38,0,0,0,69.5,2625.25,0,1,0.23963203178762063,Bajo,69.5
6,0,2,0,55.9,365.35,0,1,0.23880962769839267,Bajo,55.9
37,0,2,0,91.15,3369.25,0,2,0.23597705298459165,Bajo,91.15
46,0,2,0,89.15,4245.55,0,1,0.2351609341916272,Bajo,89.15
48,2,0,0,108.1,5067.45,0,0,0.23464314569719952,Bajo,108.1
63,0,2,0,109.4,7031.45,1,0,0.23349014671001098,Bajo,109.4
18,0,0,0,49.55,878.35,0,3,0.23346537649204593,Bajo,49.55
46,0,0,0,69.1,3168.0,0,1,0.2330939537056958,Bajo,69.1
4,0,2,0,35.0,135.75,0,3,0.2324068156551738,Bajo,35.0
20,0,0,0,24.9,505.95,0,1,0.23113840078491532,Bajo,24.9
26,0,0,2,73.05,1959.5,0,2,0.2309505699550074,Bajo,73.05
34,0,2,0,109.8,3587.25,0,3,0.22970384716147244,Bajo,109.8
8,0,0,0,44.45,369.3,0,3,0.22956061672446978,Bajo,44.45
66,1,0,0,95.3,6273.4,0,2,0.2286590120918111,Bajo,95.3
32,0,2,2,108.15,3432.9,0,1,0.226360693310849,Bajo,108.15
18,0,2,0,58.4,964.9,1,1,0.22585631402709486,Bajo,58.4
48,1,0,0,97.05,4692.95,0,2,0.22550053472087106,Bajo,97.05
47,0,2,0,67.45,3252.0,1,1,0.2241002167306175,Bajo,67.45
8,0,2,0,60.0,487.75,0,2,0.22407005025130278,Bajo,60.0
66,1,0,0,104.6,6819.45,1,1,0.22059110947477506,Bajo,104.6
64,0,2,2,108.95,7111.3,1,0,0.22057756695370428,Bajo,108.95
4,0,2,0,57.2,223.75,0,3,0.2198605222619893,Bajo,57.2
48,0,2,2,95.4,4445.3,0,2,0.21845268521741884,Bajo,95.4
55,2,0,2,113.6,6292.7,1,2,0.2180172622093058,Bajo,113.6
39,0,0,2,81.5,3107.3,0,0,0.21743619101905975,Bajo,81.5
18,0,0,0,25.15,476.8,0,3,0.21743131840205857,Bajo,25.15
1,0,1,1,19.3,19.3,0,1,0.2161078279359485,Bajo,19.3
53,0,0,2,80.6,4348.1,0,3,0.21593848458339046,Bajo,80.6
57,0,0,2,95.3,5567.45,1,1,0.21593778918887727,Bajo,95.3
40,1,0,2,99.2,4062.2,1,1,0.2152147645507948,Bajo,99.2
16,0,2,0,38.9,664.4,0,2,0.21497398054108582,Bajo,38.9
49,1,0,2,97.95,4917.9,0,2,0.214447863771219,Bajo,97.95
21,0,2,0,64.95,1339.8,1,0,0.21436073475304201,Bajo,64.95
59,0,2,0,89.75,5496.9,1,2,0.21217942789502858,Bajo,89.75
44,0,2,0,84.8,3626.35,0,1,0.21145805793531663,Bajo,84.8
51,1,0,0,98.85,4947.55,0,2,0.20949127884788946,Bajo,98.85
49,0,0,0,52.15,2583.75,0,1,0.20885842370781604,Bajo,52.15
3,0,1,1,19.55,61.05,0,2,0.2086778939862594,Bajo,19.55
19,0,2,0,66.4,1286.05,1,0,0.2076338556649877,Bajo,66.4
7,0,0,2,59.5,415.95,0,3,0.20621837998356185,Bajo,59.5
67,1,0,0,105.7,6816.95,0,0,0.2047113023521335,Bajo,105.7
8,0,2,0,51.3,411.6,0,1,0.20399081178909872,Bajo,51.3
42,0,0,2,85.9,3729.75,0,1,0.20375933136132388,Bajo,85.9
24,0,0,0,49.7,1218.25,0,3,0.20344204568401172,Bajo,49.7
52,0,0,2,93.25,4631.7,0,0,0.20339358906576707,Bajo,93.25
24,0,2,0,39.1,971.3,1,0,0.20152723426778388,Bajo,39.1
60,0,2,0,94.1,5475.9,0,1,0.2006755772806102,Bajo,94.1
60,1,0,0,94.4,5610.25,0,2,0.19961730235698738,Bajo,94.4
9,0,1,1,18.95,185.6,0,3,0.19861711726365366,Bajo,18.95
2,0,1,1,19.9,57.4,0,2,0.19809606786030787,Bajo,19.9
3,0,2,2,64.5,177.4,0,0,0.1976728421198428,Bajo,64.5
62,1,0,2,110.8,6840.95,0,2,0.19668000979710235,Bajo,110.8
52,0,2,0,48.8,2555.05,1,1,0.1965564592172799,Bajo,48.8
58,1,2,0,110.65,6526.65,0,1,0.19560240400890438,Bajo,110.65
3,0,2,2,35.1,101.1,0,3,0.19448130019925472,Bajo,35.1
7,0,2,0,29.8,201.95,0,3,0.19193421482011808,Bajo,29.8
10,0,0,2,55.2,528.35,0,1,0.1914386139021441,Bajo,55.2
46,0,0,0,45.2,2065.15,0,1,0.19068063458732537,Bajo,45.2
56,0,0,2,96.95,5432.2,0,1,0.18939424194052348,Bajo,96.95
43,0,0,0,50.2,2169.4,0,3,0.18806414802466837,Bajo,50.2
40,0,0,0,50.15,2058.5,0,3,0.18806414802466837,Bajo,50.15
41,0,0,0,55.7,2237.55,0,0,0.18738696867033783,Bajo,55.7
10,0,2,0,29.75,301.9,0,3,0.1873805470646252,Bajo,29.75
12,0,0,2,50.25,593.75,0,0,0.18683500084126858,Bajo,50.25
65,0,2,0,85.75,5688.45,1,2,0.18667544837481276,Bajo,85.75
22,0,2,2,89.05,1886.25,0,2,0.18591978825686645,Bajo,89.05
26,0,0,0,50.35,1277.5,0,1,0.18578447619820201,Bajo,50.35
61,0,0,0,89.2,5500.6,0,3,0.1855150523204022,Bajo,89.2
11,0,2,0,51.0,581.7,0,0,0.1841601785080027,Bajo,51.0
29,0,0,2,31.2,926.2,0,2,0.18328474043077606,Bajo,31.2
44,0,0,0,50.15,2139.1,0,3,0.18259516869111328,Bajo,50.15
61,1,2,0,106.0,6547.7,0,2,0.18183165688179934,Bajo,106.0
60,0,2,0,93.25,5774.55,1,2,0.18057894326401572,Bajo,93.25
11,0,2,0,64.05,733.95,0,0,0.18025998182882183,Bajo,64.05
54,1,2,0,100.05,5299.65,0,1,0.17958941420301375,Bajo,100.05
7,0,2,0,50.3,355.1,0,0,0.17936977137804688,Bajo,50.3
39,0,0,2,40.6,1494.5,0,2,0.1785988308117269,Bajo,40.6
49,1,0,0,100.45,4941.8,0,3,0.17753704920753038,Bajo,100.45
53,1,0,2,94.0,4871.45,1,2,0.17603768198328934,Bajo,94.0
49,1,0,2,99.25,4920.8,0,1,0.1756528577074148,Bajo,99.25
27,0,0,0,49.85,1336.15,0,3,0.17523220189878935,Bajo,49.85
43,0,0,0,29.3,1224.05,0,1,0.1752191099895573,Bajo,29.3
68,1,0,2,100.3,6754.35,0,2,0.17359330186526495,Bajo,100.3
13,0,0,2,50.55,610.75,0,3,0.173573695355578,Bajo,50.55
16,0,0,2,49.45,799.0,0,3,0.173573695355578,Bajo,49.45
3,0,1,1,19.6,59.75,0,3,0.17185607488954027,Bajo,19.6
46,2,0,2,108.9,4854.3,0,1,0.17123365256452233,Bajo,108.9
8,0,1,1,19.65,164.3,1,2,0.1705064492567603,Bajo,19.65
2,0,1,1,19.6,35.85,0,2,0.17005213435583197,Bajo,19.6
10,0,0,2,60.95,629.55,0,3,0.16985102492591087,Bajo,60.95
55,0,2,0,89.8,4959.6,0,0,0.168582701690503,Bajo,89.8
14,0,0,2,66.6,979.5,0,1,0.16773825464953546,Bajo,66.6
28,0,0,2,76.55,2065.4,0,0,0.16760319353728437,Bajo,76.55
42,0,2,0,54.55,2455.05,0,1,0.1673848029422,Bajo,54.55
45,0,2,2,70.05,3062.45,1,2,0.167188303127089,Bajo,70.05
9,0,2,2,68.25,576.95,0,0,0.16659594471342246,Bajo,68.25
65,1,0,2,103.9,6767.1,1,0,0.16541281617438647,Bajo,103.9
70,2,2,2,113.65,7714.65,1,2,0.164966300352091,Bajo,113.65
23,0,0,2,54.25,1221.55,0,2,0.16488508211949687,Bajo,54.25
63,1,0,0,99.9,6137.0,0,0,0.1645001661099491,Bajo,99.9
7,0,2,2,34.5,279.25,0,2,0.16443669535295702,Bajo,34.5
35,1,2,2,110.8,3836.3,1,0,0.1643576431609455,Bajo,110.8
67,1,2,0,111.3,7482.1,0,2,0.164238875954235,Bajo,111.3
15,0,2,0,55.7,899.8,0,3,0.1640589557585062,Bajo,55.7
40,1,0,0,85.05,3355.65,0,2,0.16218632176325046,Bajo,85.05
6,0,1,1,19.5,106.8,1,0,0.16144149214979125,Bajo,19.5
47,1,2,0,96.1,4391.45,0,2,0.16089150485146356,Bajo,96.1
62,1,0,0,97.95,5936.55,1,1,0.1605476217459762,Bajo,97.95
42,1,0,2,73.15,3088.25,0,2,0.16027526095945646,Bajo,73.15
11,1,0,0,41.6,470.6,0,2,0.1588064319840718,Bajo,41.6
56,0,0,2,76.85,4275.75,1,0,0.1585975322858522,Bajo,76.85
25,0,2,2,81.75,2028.8,0,0,0.15826193299722993,Bajo,81.75
2,0,1,1,20.25,36.8,0,3,0.15808684428229136,Bajo,20.25
3,0,1,1,23.6,89.05,0,3,0.15791510442328455,Bajo,23.6
1,0,1,1,19.2,19.2,0,3,0.15719114147649405,Bajo,19.2
59,1,0,0,85.55,5084.65,0,2,0.15699956458484998,Bajo,85.55
5,0,1,1,19.65,92.05,0,1,0.15687363520313602,Bajo,19.65
14,1,0,0,44.6,641.25,0,2,0.15611670073617115,Bajo,44.6
13,1,0,0,43.8,592.65,0,2,0.15611670073617115,Bajo,43.8
62,1,0,2,110.75,7053.35,1,0,0.1555853963769689,Bajo,110.75
32,1,2,2,109.55,3608.0,0,0,0.15476177960411414,Bajo,109.55
42,1,2,0,99.0,4298.45,0,2,0.1536949736210173,Bajo,99.0
2,0,1,1,20.35,35.1,0,1,0.15358662489164052,Bajo,20.35
54,1,0,0,55.45,2966.95,1,2,0.15310146067206462,Bajo,55.45
1,0,1,1,18.85,18.85,0,3,0.1523787021888214,Bajo,18.85
57,0,2,0,53.75,3196.0,0,2,0.15213889581158457,Bajo,53.75
24,0,2,0,55.65,1400.55,0,0,0.14993222290346836,Bajo,55.65
45,1,0,0,34.2,1596.6,1,2,0.1498354184917574,Bajo,34.2
46,0,2,0,45.55,2062.15,0,2,0.14925395139867764,Bajo,45.55
48,0,2,0,44.8,2104.55,0,2,0.14925395139867764,Bajo,44.8
48,0,0,2,29.5,1423.05,0,1,0.14859998708450203,Bajo,29.5
29,0,2,0,66.1,1912.15,0,2,0.14755581381888028,Bajo,66.1
25,2,0,2,99.3,2513.5,0,0,0.14650673425021926,Bajo,99.3
63,1,0,0,91.35,5764.7,0,2,0.13973686484279044,Bajo,91.35
6,0,2,2,50.95,307.6,0,1,0.1395809784748634,Bajo,50.95
5,0,1,1,20.05,95.55,0,1,0.13950793006618897,Bajo,20.05
8,0,2,0,29.35,216.45,0,3,0.13795993362577555,Bajo,29.35
42,0,2,0,54.5,2301.15,0,3,0.1376598190406639,Bajo,54.5
4,0,1,1,20.95,85.5,0,0,0.137075205577297,Bajo,20.95
48,1,0,0,65.65,3094.65,0,2,0.1369193786437632,Bajo,65.65
44,1,0,0,88.4,3912.9,1,3,0.13682075442898517,Bajo,88.4
35,0,2,0,59.45,2136.9,0,1,0.1362068635442873,Bajo,59.45
36,0,2,0,51.05,1815.0,0,1,0.1362068635442873,Bajo,51.05
4,0,1,1,19.95,59.25,0,3,0.13509572122239877,Bajo,19.95
4,0,1,1,19.65,67.55,0,3,0.13509572122239877,Bajo,19.65
45,1,2,0,96.75,4442.75,0,0,0.13307873488045255,Bajo,96.75
56,1,0,0,80.9,4557.5,0,2,0.13185382484952293,Bajo,80.9
2,0,1,1,19.25,48.35,0,3,0.1316442481602211,Bajo,19.25
59,2,0,0,95.8,5655.45,0,2,0.13039158293123476,Bajo,95.8
46,1,0,0,91.3,4126.35,1,0,0.13021252600509398,Bajo,91.3
17,0,1,1,21.1,385.55,0,1,0.13017885331496176,Bajo,21.1
31,1,0,0,50.05,1523.4,0,2,0.12951795402199437,Bajo,50.05
56,1,2,0,94.8,5264.3,1,1,0.12868680559954834,Bajo,94.8
47,1,2,0,94.9,4615.25,0,1,0.12859408738755973,Bajo,94.9
35,0,2,2,72.25,2568.55,0,2,0.12787165619083266,Bajo,72.25
44,1,0,2,74.85,3268.05,1,0,0.12738275400649543,Bajo,74.85
28,1,0,0,90.1,2598.95,0,0,0.1273746475852137,Bajo,90.1
44,0,0,2,61.9,2924.05,0,3,0.12736178336546816,Bajo,61.9
29,1,0,0,55.25,1620.2,0,2,0.12689296668013528,Bajo,55.25
5,0,1,1,20.15,117.95,0,3,0.12592121837059142,Bajo,20.15
5,0,1,1,19.95,109.6,0,3,0.12592121837059142,Bajo,19.95
4,0,1,1,19.6,93.45,0,3,0.12592121837059142,Bajo,19.6
48,0,2,0,45.3,2145.0,0,0,0.12552776464051796,Bajo,45.3
61,0,2,2,94.2,5895.45,1,1,0.12473929766891287,Bajo,94.2
55,0,2,0,50.55,2832.75,0,1,0.12446430979244325,Bajo,50.55
64,1,2,2,115.0,7396.15,0,2,0.12435549575942574,Bajo,115.0
15,0,2,2,58.95,955.15,0,2,0.12366621420816785,Bajo,58.95
35,1,0,2,89.7,3165.6,0,2,0.1235250691223081,Bajo,89.7
55,1,2,0,94.75,5276.1,0,2,0.12244766128944179,Bajo,94.75
6,0,1,1,19.5,146.3,0,0,0.12139094615958364,Bajo,19.5
5,0,1,1,20.65,93.55,0,0,0.12138344094808716,Bajo,20.65
39,1,0,0,81.4,3213.75,0,1,0.12112064584535194,Bajo,81.4
25,1,2,0,89.05,2177.45,1,2,0.12097003096933633,Bajo,89.05
10,0,1,1,24.8,223.9,0,1,0.12046594117755303,Bajo,24.8
8,0,1,1,21.05,139.75,0,1,0.12046594117755303,Bajo,21.05
30,0,0,2,51.2,1561.5,0,1,0.11894081105416493,Bajo,51.2
12,0,1,1,20.05,265.45,0,1,0.11826597782750073,Bajo,20.05
9,0,1,1,19.7,180.7,0,1,0.11826597782750073,Bajo,19.7
11,0,1,1,19.7,216.2,0,1,0.11826597782750073,Bajo,19.7
8,0,1,1,19.65,169.75,0,1,0.11826597782750073,Bajo,19.65
8,0,1,1,19.55,161.15,0,0,0.11826597782750073,Bajo,19.55
13,0,1,1,19.45,232.1,0,1,0.11826597782750073,Bajo,19.45
5,0,1,1,20.5,104.3,0,3,0.11768058129502264,Bajo,20.5
31,0,0,2,66.4,2019.8,0,1,0.1162250771526425,Bajo,66.4
14,1,0,0,51.45,727.85,0,1,0.11602804154500888,Bajo,51.45
61,1,2,0,100.7,6018.65,0,1,0.11551426874312129,Bajo,100.7
36,0,0,2,34.85,1267.2,0,0,0.11548363448021214,Bajo,34.85
61,1,0,0,79.8,4914.8,0,2,0.114443386486185,Bajo,79.8
12,1,0,2,60.65,743.3,0,2,0.11266312285120411,Bajo,60.65
72,1,0,0,105.0,7578.05,1,1,0.11258904339368078,Bajo,105.0
44,1,0,0,89.15,3990.75,1,1,0.11180171408571005,Bajo,89.15
62,1,2,2,102.0,6529.25,0,2,0.11172775187111061,Bajo,102.0
29,0,2,0,60.2,1834.15,0,3,0.11127862462271912,Bajo,60.2
40,0,2,0,55.25,2139.2,0,3,0.11127862462271912,Bajo,55.25
30,0,2,0,48.8,1536.75,0,3,0.11127862462271912,Bajo,48.8
68,1,2,0,101.35,7110.75,0,0,0.11093537719947043,Bajo,101.35
26,1,0,0,60.7,1597.4,1,3,0.11087783852189995,Bajo,60.7
11,0,1,1,20.45,237.3,0,1,0.11046300898415301,Bajo,20.45
19,0,1,1,20.0,377.55,0,2,0.11045963939166072,Bajo,20.0
2,0,1,1,20.35,41.85,0,3,0.10972982653710116,Bajo,20.35
2,0,1,1,20.0,38.0,0,3,0.10972982653710116,Bajo,20.0
12,0,2,2,61.65,713.75,0,3,0.10927777346233564,Bajo,61.65
19,0,1,1,24.1,439.2,0,1,0.10824449178077863,Bajo,24.1
6,0,1,1,26.35,184.05,0,3,0.1082176613443208,Bajo,26.35
7,0,1,1,23.5,173.0,0,3,0.1082176613443208,Bajo,23.5
6,0,1,1,20.95,109.5,0,3,0.1082176613443208,Bajo,20.95
27,0,2,0,50.35,1411.35,0,3,0.10772558840226135,Bajo,50.35
66,0,2,0,67.45,4508.65,0,0,0.10737896467533185,Bajo,67.45
67,1,2,0,100.9,6733.15,0,1,0.10695587773912471,Bajo,100.9
57,0,2,2,87.55,4884.85,0,0,0.10683298517038721,Bajo,87.55
13,1,0,0,74.65,966.25,0,3,0.10633966381348951,Bajo,74.65
61,0,2,0,59.8,3641.5,0,2,0.10630132761219105,Bajo,59.8
7,0,1,1,20.35,150.6,0,3,0.10621436553007153,Bajo,20.35
6,0,1,1,20.0,109.2,0,3,0.10621436553007153,Bajo,20.0
6,0,1,1,19.85,119.3,0,3,0.10621436553007153,Bajo,19.85
6,0,1,1,19.7,113.5,0,3,0.10621436553007153,Bajo,19.7
6,0,1,1,19.55,128.6,0,3,0.10621436553007153,Bajo,19.55
10,0,1,1,24.4,253.9,0,3,0.10539113480603661,Bajo,24.4
66,1,0,0,92.15,6056.9,0,0,0.10490896532977989,Bajo,92.15
72,2,2,2,107.4,7748.75,1,0,0.10445420013260551,Bajo,107.4
57,2,2,0,112.95,6465.0,0,0,0.10383557931683077,Bajo,112.95
12,0,1,1,20.1,223.6,0,3,0.10343409405135019,Bajo,20.1
14,0,1,1,19.95,268.4,0,3,0.10343409405135019,Bajo,19.95
15,0,1,1,19.9,320.45,0,3,0.10343409405135019,Bajo,19.9
15,0,1,1,19.8,309.4,0,3,0.10343409405135019,Bajo,19.8
16,0,1,1,19.6,314.45,0,3,0.10343409405135019,Bajo,19.6
8,0,1,1,19.35,152.6,0,3,0.10343409405135019,Bajo,19.35
16,0,1,1,19.35,275.9,0,3,0.10343409405135019,Bajo,19.35
11,0,1,1,19.25,180.3,0,3,0.10343409405135019,Bajo,19.25
55,0,0,2,54.55,2978.3,0,0,0.10304244960942582,Bajo,54.55
2,0,1,1,20.45,42.45,0,3,0.10242463427312028,Bajo,20.45
63,2,2,0,108.5,6991.9,1,1,0.1021950064345306,Bajo,108.5
48,1,0,0,58.95,2789.7,1,0,0.10171105283105267,Bajo,58.95
72,2,2,0,110.75,7751.7,0,2,0.10168606430854493,Bajo,110.75
40,0,1,1,26.2,1077.5,0,2,0.10041350621010162,Bajo,26.2
71,2,0,0,105.15,7555.0,0,0,0.10041121419284858,Bajo,105.15
67,2,2,2,108.75,7156.2,0,1,0.09960932824682303,Bajo,108.75
72,1,0,2,109.15,7789.6,0,1,0.09957583985284725,Bajo,109.15
17,0,1,1,24.8,475.25,0,3,0.09871499139107281,Bajo,24.8
22,0,1,1,20.55,469.85,0,2,0.09860569974603162,Bajo,20.55
3,0,1,1,20.0,49.65,0,0,0.09857319736728867,Bajo,20.0
29,1,2,0,90.1,2656.7,1,0,0.09734017343235432,Bajo,90.1
47,0,1,1,25.4,1139.2,0,2,0.09718833805208416,Bajo,25.4
69,2,0,2,99.35,6856.45,0,2,0.09691288899139239,Bajo,99.35
18,0,1,1,19.0,348.8,0,2,0.09686626201789515,Bajo,19.0
59,1,0,2,80.1,4693.2,0,2,0.09663390659754148,Bajo,80.1
16,1,0,2,79.5,1264.2,0,1,0.09655834669205912,Bajo,79.5
22,0,1,1,24.85,493.4,0,1,0.09653743160755096,Bajo,24.85
34,1,0,0,77.2,2753.8,0,0,0.09584288448847574,Bajo,77.2
2,0,1,1,20.65,38.7,0,3,0.09504670639140542,Bajo,20.65
19,1,0,2,89.35,1686.85,0,0,0.09496574216617036,Bajo,89.35
64,1,0,0,90.25,5629.15,0,1,0.09458355152183165,Bajo,90.25
67,1,2,2,100.25,6689.0,0,0,0.09448363119114236,Bajo,100.25
26,1,0,0,78.95,2034.25,0,0,0.09390965153341178,Bajo,78.95
69,2,0,2,105.4,6998.95,1,1,0.09235222182454028,Bajo,105.4
7,0,1,1,20.65,155.9,0,3,0.09195306770493988,Bajo,20.65
26,0,2,2,45.8,1147.0,0,3,0.09149205657464378,Bajo,45.8
22,1,0,0,69.5,1498.2,0,0,0.09135281341332753,Bajo,69.5
72,2,2,2,110.1,7746.7,1,0,0.09099795185359674,Bajo,110.1
49,0,2,2,59.6,2970.3,0,1,0.09098591102036098,Bajo,59.6
64,0,2,2,86.8,5327.25,0,0,0.090950764643101,Bajo,86.8
25,1,0,2,54.2,1423.15,0,2,0.09062340222451172,Bajo,54.2
70,2,0,2,104.45,7349.35,1,0,0.09005708144901141,Bajo,104.45
34,0,1,1,24.7,780.2,0,2,0.08938887496963001,Bajo,24.7
56,1,2,2,95.65,5471.75,1,2,0.08916040322957666,Bajo,95.65
56,2,0,2,103.2,5744.35,0,0,0.08915278825562296,Bajo,103.2
52,1,0,0,30.1,1623.4,0,3,0.08892668221203756,Bajo,30.1
25,0,2,2,54.3,1296.8,0,2,0.08820694866329296,Bajo,54.3
52,1,2,0,91.25,4738.3,0,2,0.08816879556655688,Bajo,91.25
24,0,2,2,60.45,1440.75,0,0,0.08810599582479489,Bajo,60.45
52,1,0,0,50.95,2610.65,0,0,0.0879599283716754,Bajo,50.95
70,1,0,2,60.35,4138.7,0,2,0.08758239244062867,Bajo,60.35
72,2,0,0,99.4,7285.7,0,2,0.08733908051266097,Bajo,99.4
60,0,2,2,79.05,4663.4,0,1,0.08730328384923076,Bajo,79.05
7,1,2,0,59.1,369.25,0,2,0.08723155618200702,Bajo,59.1
23,1,0,0,55.8,1327.85,0,0,0.08703343080558364,Bajo,55.8
51,1,2,0,93.5,4619.55,0,2,0.08696363299914578,Bajo,93.5
49,2,0,0,49.8,2398.4,1,3,0.08649537447843618,Bajo,49.8
26,1,0,0,75.5,2018.1,0,0,0.08642675591010726,Bajo,75.5
38,1,0,0,70.45,2597.6,0,0,0.08588261757522839,Bajo,70.45
23,1,0,0,64.9,1509.8,0,0,0.08498898676502924,Bajo,64.9
26,1,0,0,39.95,1023.75,0,0,0.08493694538091559,Bajo,39.95
39,0,2,2,48.95,1880.85,0,1,0.08477226458458587,Bajo,48.95
54,0,2,2,69.9,3883.3,0,3,0.08347026652753903,Bajo,69.9
68,2,2,2,110.25,7279.35,0,1,0.08293022499521328,Bajo,110.25
23,1,2,0,81.85,1810.85,0,1,0.08281603145153314,Bajo,81.85
31,0,2,2,65.25,1994.3,0,1,0.0827634039763015,Bajo,65.25
23,1,0,2,73.75,1756.6,0,3,0.08261912791839386,Bajo,73.75
20,0,1,1,20.35,442.6,0,3,0.082571065384332,Bajo,20.35
23,0,1,1,20.3,470.6,0,0,0.08147855059553058,Bajo,20.3
22,0,2,2,57.95,1271.8,0,3,0.08065803880371021,Bajo,57.95
39,1,2,0,59.8,2343.85,0,2,0.08059293536085294,Bajo,59.8
19,0,1,1,20.6,414.95,0,3,0.08014175136505414,Bajo,20.6
46,1,0,2,69.1,3255.35,1,1,0.07969972997977884,Bajo,69.1
60,2,2,2,116.05,6925.9,1,0,0.07943917294190259,Bajo,116.05
67,2,2,2,105.05,7171.7,1,2,0.0789885819020214,Bajo,105.05
33,1,2,0,74.75,2453.3,0,1,0.07876542491596956,Bajo,74.75
26,1,0,0,51.55,1295.4,0,1,0.07848333510093508,Bajo,51.55
54,1,0,0,70.15,3715.65,0,1,0.07824662027753736,Bajo,70.15
60,2,2,2,110.6,6586.85,0,2,0.0776343521600001,Bajo,110.6
37,0,1,1,20.35,697.65,0,0,0.07631138630549542,Bajo,20.35
37,0,1,1,19.5,805.2,0,0,0.07631138630549542,Bajo,19.5
26,1,0,2,82.0,2083.1,0,1,0.0756066220708334,Bajo,82.0
38,1,0,2,62.3,2354.8,0,3,0.07528894775235416,Bajo,62.3
46,1,0,2,90.95,4236.6,0,0,0.07454811140774369,Bajo,90.95
71,2,2,2,108.55,7616.0,0,1,0.07396744398019166,Bajo,108.55
27,0,2,2,53.45,1461.45,0,3,0.07378934446494684,Bajo,53.45
50,1,0,0,75.7,3876.2,0,0,0.07344681469227266,Bajo,75.7
23,0,1,1,19.5,470.2,0,3,0.07289210956812835,Bajo,19.5
17,1,2,0,70.35,1201.65,0,0,0.07169448211836135,Bajo,70.35
45,1,0,2,54.15,2319.8,0,1,0.07142134321808889,Bajo,54.15
63,2,2,2,109.2,7049.75,0,1,0.07070084180063442,Bajo,109.2
46,1,0,2,59.9,2816.65,1,0,0.06969195680410709,Bajo,59.9
34,0,1,1,20.8,635.9,0,3,0.0695716533115399,Bajo,20.8
62,1,2,0,92.3,5731.45,0,0,0.06956485007744134,Bajo,92.3
19,1,0,2,65.35,1231.85,0,0,0.06902055032321787,Bajo,65.35
64,2,2,2,110.3,6997.3,0,0,0.06890293449167655,Bajo,110.3
41,0,1,1,25.25,996.45,0,0,0.06865718520111536,Bajo,25.25
42,1,2,0,60.15,2421.6,0,0,0.06840447250855645,Bajo,60.15
68,1,2,0,85.5,5696.6,0,0,0.06826397253490246,Bajo,85.5
34,0,1,1,20.35,673.2,0,3,0.06822902725869899,Bajo,20.35
34,0,1,1,19.7,675.6,0,3,0.06822902725869899,Bajo,19.7
35,1,2,2,89.2,3251.3,0,2,0.06812631256378422,Bajo,89.2
64,2,0,2,105.4,6794.75,0,0,0.06776087245179666,Bajo,105.4
59,1,2,0,82.95,4903.15,1,1,0.06727331339422664,Bajo,82.95
43,1,2,0,80.2,3581.6,0,2,0.06700977101082857,Bajo,80.2
71,2,0,2,111.25,7984.15,0,2,0.06653296437784327,Bajo,111.25
61,2,0,2,94.1,5638.3,0,2,0.06636020244660908,Bajo,94.1
13,1,1,1,24.5,343.6,0,0,0.06592628721080425,Bajo,24.5
64,1,0,0,53.85,3399.85,0,0,0.06577427029174979,Bajo,53.85
39,1,2,0,47.85,1886.4,0,2,0.06576048597820845,Bajo,47.85
48,1,0,2,73.85,3581.4,0,0,0.06572477690332888,Bajo,73.85
55,2,0,0,77.8,4323.35,0,0,0.06501051303369364,Bajo,77.8
39,2,0,2,80.45,3201.55,0,2,0.064467778042432,Bajo,80.45
29,0,2,2,45.0,1242.45,0,3,0.06390373499671347,Bajo,45.0
64,2,2,2,115.1,7334.05,0,0,0.06389966593889763,Bajo,115.1
71,2,0,0,95.75,6849.4,0,1,0.0636490863578201,Bajo,95.75
51,1,2,2,95.15,5000.05,0,3,0.06356696935648111,Bajo,95.15
49,1,0,2,56.3,2780.6,0,1,0.06331840772520801,Bajo,56.3
49,2,0,0,49.65,2409.9,0,1,0.06318419584118534,Bajo,49.65
26,1,2,2,90.1,2312.55,0,1,0.06308052760004336,Bajo,90.1
21,1,2,0,64.85,1336.8,0,3,0.06169033146836525,Bajo,64.85
37,1,2,0,79.25,2911.8,0,3,0.061359807095213985,Bajo,79.25
34,1,2,0,30.4,938.65,0,0,0.061217134820198985,Bajo,30.4
41,1,2,0,35.4,1412.4,0,1,0.05906707464220413,Bajo,35.4
34,0,1,1,20.65,716.4,0,3,0.05873283312760603,Bajo,20.65
2,1,1,1,19.3,28.3,0,1,0.05854998961273548,Bajo,19.3
41,1,0,2,66.5,2728.6,0,0,0.05852176032101164,Bajo,66.5
59,1,0,2,76.75,4541.9,0,1,0.05834517108899079,Bajo,76.75
66,1,0,2,29.45,1983.15,0,1,0.058315107058232646,Bajo,29.45
46,1,2,0,30.75,1489.3,0,0,0.05789593828571743,Bajo,30.75
35,1,2,0,53.15,1930.9,0,1,0.05750641838770671,Bajo,53.15
18,1,1,1,19.8,342.3,0,0,0.05730589252412066,Bajo,19.8
3,1,1,1,19.45,69.25,0,3,0.056655354576480334,Bajo,19.45
69,1,0,2,60.8,4263.4,0,1,0.056550401379717556,Bajo,60.8
36,1,2,0,63.7,2188.5,0,1,0.05610407272434543,Bajo,63.7
68,1,2,0,54.45,3674.95,0,1,0.056000938157059976,Bajo,54.45
35,1,2,2,85.95,3110.1,0,1,0.05586694678703101,Bajo,85.95
56,1,0,2,75.75,4284.65,0,0,0.05525415084434982,Bajo,75.75
70,1,0,2,58.4,4113.15,0,0,0.054891253505374674,Bajo,58.4
66,2,0,0,80.55,5265.1,1,0,0.05430600150871838,Bajo,80.55
72,2,2,2,108.3,7679.65,0,0,0.054270297476962506,Bajo,108.3
51,1,0,2,78.65,3950.85,0,1,0.054053027821494515,Bajo,78.65
67,2,2,2,116.1,7839.85,1,1,0.05401002448125397,Bajo,116.1
15,1,2,2,45.9,693.45,0,3,0.053968909865714954,Bajo,45.9
41,1,0,2,50.05,2029.05,0,0,0.05387791549178091,Bajo,50.05
50,1,2,2,82.5,4179.1,0,1,0.05366284010328299,Bajo,82.5
51,1,2,2,81.15,4126.2,0,1,0.05366284010328299,Bajo,81.15
34,1,2,2,79.95,2727.3,0,0,0.05362400408929285,Bajo,79.95
10,1,1,1,19.95,219.5,0,0,0.05308321186585069,Bajo,19.95
72,2,0,0,84.5,6130.85,0,1,0.053003755777204634,Bajo,84.5
59,1,2,0,66.4,3958.2,0,1,0.05280154414636351,Bajo,66.4
63,1,2,0,81.15,5224.5,0,1,0.052683183553605885,Bajo,81.15
67,2,0,2,94.1,6302.8,0,1,0.052590067168088984,Bajo,94.1
4,1,1,1,19.7,117.8,0,3,0.05248457133000318,Bajo,19.7
64,2,2,0,94.6,5948.7,0,1,0.05239477846608905,Bajo,94.6
15,1,1,1,19.65,332.65,0,3,0.051999369090832026,Bajo,19.65
14,1,1,1,19.35,324.8,0,3,0.051999369090832026,Bajo,19.35
64,1,0,2,70.15,4480.7,0,3,0.051950539835430604,Bajo,70.15
58,1,2,2,89.85,5125.75,1,0,0.05160097335422076,Bajo,89.85
2,1,1,1,19.85,35.9,0,3,0.05154163720681886,Bajo,19.85
64,1,2,0,73.05,4688.65,0,1,0.0514201212746354,Bajo,73.05
17,1,1,1,20.5,365.8,0,3,0.05074838450552026,Bajo,20.5
61,1,2,0,49.7,2961.4,0,0,0.05039643624063163,Bajo,49.7
41,1,2,0,70.2,2894.55,0,3,0.05022929227659976,Bajo,70.2
44,1,2,0,61.5,2722.2,0,3,0.05022929227659976,Bajo,61.5
65,1,2,2,93.55,6069.25,0,2,0.050176648331152984,Bajo,93.55
57,1,2,0,70.1,3913.3,0,0,0.04998862422735299,Bajo,70.1
56,1,2,0,65.2,3512.15,0,0,0.04998862422735299,Bajo,65.2
68,2,2,2,113.15,7856.0,0,2,0.04978683312448514,Bajo,113.15
50,2,0,0,70.35,3533.6,0,1,0.049713965137248725,Bajo,70.35
47,1,2,2,40.3,1794.8,0,2,0.049160071288252206,Bajo,40.3
37,1,2,2,40.2,1525.35,0,2,0.049160071288252206,Bajo,40.2
44,1,2,2,65.4,2774.55,0,2,0.049124439672293574,Bajo,65.4
55,2,0,0,69.05,3842.6,0,1,0.04883378913220196,Bajo,69.05
22,1,2,2,67.5,1544.05,0,0,0.0482637098937843,Bajo,67.5
66,2,0,0,63.3,4189.7,0,0,0.04783684977776772,Bajo,63.3
62,1,2,0,54.75,3425.35,0,1,0.04753686036952999,Bajo,54.75
68,2,2,2,114.9,7843.55,0,0,0.04746232827292026,Bajo,114.9
68,2,2,2,114.7,7849.85,0,0,0.04746232827292026,Bajo,114.7
56,1,2,2,68.45,4014.0,1,1,0.04698983704708686,Bajo,68.45
71,2,2,0,77.55,5574.35,0,1,0.046846551851763035,Bajo,77.55
64,1,2,0,66.15,4392.5,0,1,0.04636567128792847,Bajo,66.15
34,1,2,0,55.0,1885.15,0,3,0.04621117668121291,Bajo,55.0
11,1,1,1,20.55,184.95,0,3,0.04615015696752808,Bajo,20.55
10,1,1,1,20.45,242.4,0,3,0.04615015696752808,Bajo,20.45
9,1,1,1,20.1,190.25,0,3,0.04599951357148328,Bajo,20.1
10,1,1,1,20.1,184.4,0,3,0.04599951357148328,Bajo,20.1
7,1,1,1,19.9,173.15,0,3,0.04599951357148328,Bajo,19.9
6,1,1,1,19.7,94.45,0,3,0.04599951357148328,Bajo,19.7
12,1,1,1,19.7,260.9,0,3,0.04599951357148328,Bajo,19.7
15,1,1,1,19.65,270.6,0,3,0.04599951357148328,Bajo,19.65
17,1,1,1,19.55,280.85,0,3,0.04599951357148328,Bajo,19.55
6,1,1,1,19.45,113.5,0,3,0.04599951357148328,Bajo,19.45
48,1,2,2,60.35,2896.4,0,1,0.04587605440321643,Bajo,60.35
72,2,2,2,118.75,8672.45,0,0,0.04568657793489384,Bajo,118.75
62,1,2,0,56.15,3487.95,0,0,0.04499108629580486,Bajo,56.15
50,1,1,1,25.2,1306.3,1,2,0.04475989751462527,Bajo,25.2
72,2,0,0,73.45,5329.0,1,1,0.04459160459673739,Bajo,73.45
63,1,2,2,36.1,2298.9,1,0,0.04448148684387551,Bajo,36.1
30,1,2,2,70.4,2044.75,0,2,0.04407444623642413,Bajo,70.4
43,1,2,2,84.25,3539.25,0,0,0.04399389728240722,Bajo,84.25
47,1,2,2,39.65,1798.65,0,1,0.04378257990140725,Bajo,39.65
64,1,2,2,81.25,5567.55,0,2,0.04376914345938123,Bajo,81.25
58,1,2,2,68.4,3972.25,0,2,0.04339146848850976,Bajo,68.4
46,1,2,2,70.6,3231.05,0,3,0.04317964719067954,Bajo,70.6
22,1,1,1,20.3,467.15,0,1,0.042813466145296374,Bajo,20.3
52,1,2,0,75.4,3865.45,0,3,0.0427148529338478,Bajo,75.4
11,1,1,1,20.6,233.9,0,3,0.042633295017390646,Bajo,20.6
26,1,2,2,75.0,1908.35,0,0,0.04262214205251926,Bajo,75.0
25,0,1,1,19.15,477.6,0,3,0.04239807469935819,Bajo,19.15
25,1,1,1,19.9,505.45,0,2,0.04225600446313324,Bajo,19.9
64,2,2,0,99.0,6375.8,0,0,0.042192552113079616,Bajo,99.0
61,2,0,0,80.9,4932.5,0,0,0.042001159457038514,Bajo,80.9
23,1,2,2,68.75,1689.45,0,0,0.04178329821750975,Bajo,68.75
48,2,2,0,70.1,3238.4,0,1,0.0414862589551173,Bajo,70.1
39,1,2,2,41.15,1700.9,0,0,0.041429116106479515,Bajo,41.15
29,1,2,2,58.0,1734.5,0,1,0.041145545306914166,Bajo,58.0
67,1,2,2,69.35,4653.25,0,1,0.04089104394722652,Bajo,69.35
67,2,2,0,36.15,2434.45,0,0,0.04076155160016418,Bajo,36.15
54,2,0,2,46.0,2424.05,0,1,0.04071937914648601,Bajo,46.0
72,2,2,2,107.45,7576.7,0,3,0.04065782192878579,Bajo,107.45
14,2,2,2,39.7,692.35,1,3,0.04062100926245235,Bajo,39.7
24,1,1,1,21.05,531.55,0,0,0.04027501417610394,Bajo,21.05
50,1,2,2,70.8,3478.15,0,1,0.04021995307655958,Bajo,70.8
53,1,2,2,62.85,3419.5,0,1,0.04021995307655958,Bajo,62.85
27,0,1,1,19.15,537.35,0,3,0.03960243905332151,Bajo,19.15
45,1,1,1,20.4,930.45,0,2,0.03959949601883137,Bajo,20.4
29,1,1,1,20.0,540.05,0,2,0.03946935050420935,Bajo,20.0
39,1,2,2,45.05,1790.6,0,0,0.03892806046859902,Bajo,45.05
33,1,1,1,24.15,800.3,0,1,0.03871573233375596,Bajo,24.15
60,2,2,2,97.2,5611.75,0,2,0.038573077734197145,Bajo,97.2
44,1,1,1,24.85,1013.6,0,2,0.03822037100442235,Bajo,24.85
16,1,1,1,19.3,360.35,0,0,0.03821314493095238,Bajo,19.3
65,2,0,2,45.25,2933.95,0,3,0.03811567695453796,Bajo,45.25
66,1,1,1,20.35,1359.5,0,2,0.038016883154715575,Bajo,20.35
46,1,1,1,24.95,1165.9,0,3,0.03789786758145481,Bajo,24.95
40,1,2,2,40.25,1564.05,0,3,0.037890343135270815,Bajo,40.25
50,1,2,2,35.4,1748.9,0,3,0.037890343135270815,Bajo,35.4
72,2,0,2,110.45,7982.5,0,0,0.037735670875460835,Bajo,110.45
24,1,1,1,20.45,527.35,0,1,0.03772809936860857,Bajo,20.45
24,1,1,1,20.4,482.8,0,1,0.03772809936860857,Bajo,20.4
30,1,1,1,25.35,723.3,0,0,0.037613869766709725,Bajo,25.35
53,1,1,1,20.2,1068.15,0,1,0.03739042348501837,Bajo,20.2
72,2,2,2,105.6,7581.5,0,0,0.03738340602417006,Bajo,105.6
72,2,2,2,105.5,7611.55,0,0,0.03738340602417006,Bajo,105.5
71,1,0,2,72.9,5139.65,1,0,0.03717176079100228,Bajo,72.9
22,1,1,1,20.3,475.1,0,3,0.03704659924954397,Bajo,20.3
20,1,1,1,20.0,416.45,0,3,0.03704659924954397,Bajo,20.0
49,2,0,2,66.15,3199.0,0,0,0.03700439890116406,Bajo,66.15
72,2,2,0,109.65,7880.25,0,2,0.03689606397251839,Bajo,109.65
48,1,1,1,24.55,1203.95,0,0,0.03630578969098303,Bajo,24.55
71,1,2,2,97.65,6687.85,0,1,0.0361339407193882,Bajo,97.65
4,2,1,1,19.9,76.65,0,3,0.03611952545429837,Bajo,19.9
57,2,2,0,74.35,4317.35,0,0,0.03586484085392234,Bajo,74.35
67,2,2,0,81.35,5398.6,0,1,0.035625545188036345,Bajo,81.35
41,1,1,1,20.25,865.0,0,1,0.03511275626504082,Bajo,20.25
35,1,1,1,20.1,644.5,0,1,0.03511275626504082,Bajo,20.1
37,1,1,1,19.8,677.05,0,1,0.03511275626504082,Bajo,19.8
44,1,1,1,19.5,835.5,0,1,0.03511275626504082,Bajo,19.5
66,1,1,1,25.45,1699.15,0,0,0.03509742719852644,Bajo,25.45
46,2,0,2,64.2,3009.5,0,1,0.03506817368976281,Bajo,64.2
68,2,0,2,60.3,4109.0,0,1,0.034814956240557415,Bajo,60.3
65,2,0,2,59.8,3808.2,0,1,0.034814956240557415,Bajo,59.8
34,1,2,2,64.4,2088.75,0,3,0.03470729610145343,Bajo,64.4
63,1,2,2,70.8,4448.8,0,1,0.03462693152973525,Bajo,70.8
20,1,1,1,20.65,417.5,0,3,0.03431198583997039,Bajo,20.65
50,2,0,2,39.7,1932.75,0,1,0.03430730014549286,Bajo,39.7
34,1,1,1,20.1,682.1,0,0,0.03410979703806083,Bajo,20.1
27,1,1,1,20.1,562.6,0,0,0.03410979703806083,Bajo,20.1
35,1,1,1,20.05,746.75,0,0,0.03410979703806083,Bajo,20.05
33,1,1,1,19.45,600.25,0,0,0.03410979703806083,Bajo,19.45
36,1,1,1,19.25,679.8,0,0,0.03410979703806083,Bajo,19.25
60,1,2,2,79.0,4801.1,0,3,0.03408619753268237,Bajo,79.0
55,2,0,2,55.25,3119.9,0,1,0.033980723622975204,Bajo,55.25
57,2,0,2,53.35,3090.05,0,1,0.033980723622975204,Bajo,53.35
6,2,2,2,80.25,493.4,0,3,0.03378074152473472,Bajo,80.25
35,1,1,1,21.1,741.0,0,3,0.033481513076094656,Bajo,21.1
53,2,0,2,73.9,3958.25,0,0,0.03337161907425295,Bajo,73.9
69,2,2,0,59.75,4069.9,0,0,0.033357951017784625,Bajo,59.75
67,2,2,0,54.2,3838.2,0,0,0.033357951017784625,Bajo,54.2
51,1,1,1,24.6,1266.4,0,0,0.033311171379922566,Bajo,24.6
71,1,2,2,95.15,6770.85,0,1,0.03330154866458136,Bajo,95.15
10,2,2,2,53.7,521.0,0,1,0.03304567431134517,Bajo,53.7
35,1,1,1,26.2,954.9,0,0,0.03302458569780184,Bajo,26.2
70,2,0,2,76.1,5264.25,0,1,0.03301993582977719,Bajo,76.1
70,2,0,2,57.8,4039.3,0,0,0.03292693410905236,Bajo,57.8
66,2,0,2,54.65,3632.0,0,0,0.03292693410905236,Bajo,54.65
71,2,2,2,116.25,8564.75,0,2,0.03291922572105164,Bajo,116.25
63,1,2,2,68.8,4111.35,0,0,0.03274876004481035,Bajo,68.8
60,1,2,2,65.85,3928.3,0,0,0.03274876004481035,Bajo,65.85
66,2,2,0,66.9,4370.25,0,0,0.0325241659052456,Bajo,66.9
24,1,1,1,20.15,456.85,0,3,0.032514880135687395,Bajo,20.15
24,1,1,1,19.9,533.5,0,3,0.032514880135687395,Bajo,19.9
70,2,0,2,72.95,5265.55,0,0,0.032446531629641354,Bajo,72.95
56,2,2,0,59.8,3457.45,0,0,0.03221528559622028,Bajo,59.8
71,2,2,2,113.65,8166.8,0,1,0.03220834689228788,Bajo,113.65
71,2,2,2,113.15,7993.3,0,1,0.03220834689228788,Bajo,113.15
69,2,2,2,74.1,5031.0,1,1,0.03218885927306446,Bajo,74.1
71,2,2,2,109.3,7782.85,0,1,0.03216364476112006,Bajo,109.3
59,2,0,2,75.95,4542.35,0,1,0.03188846703980057,Bajo,75.95
71,2,2,2,116.1,8310.55,0,0,0.03135626710503844,Bajo,116.1
71,2,2,2,114.6,8100.25,0,0,0.03135626710503844,Bajo,114.6
63,2,0,2,67.25,4234.15,0,3,0.031124173701507288,Bajo,67.25
58,2,0,2,70.1,4048.95,0,0,0.031002489571161182,Bajo,70.1
72,2,2,0,84.45,5899.85,1,1,0.030991592669253654,Bajo,84.45
50,1,1,1,20.15,989.05,0,1,0.030818861788917636,Bajo,20.15
71,2,2,0,99.0,6994.6,0,2,0.030792605174130242,Bajo,99.0
57,1,1,1,19.4,1061.6,0,3,0.030539523175802816,Bajo,19.4
50,1,1,1,20.35,938.95,0,3,0.03035026632463993,Bajo,20.35
27,1,1,1,20.3,595.05,0,3,0.03035026632463993,Bajo,20.3
38,1,1,1,20.1,730.1,0,3,0.03035026632463993,Bajo,20.1
29,1,1,1,19.8,572.2,0,3,0.03035026632463993,Bajo,19.8
11,2,1,1,20.9,202.3,0,1,0.030109813806625488,Bajo,20.9
71,2,0,2,80.45,5662.25,0,0,0.0300161369527628,Bajo,80.45
16,1,1,1,19.05,326.65,0,3,0.02996322330527101,Bajo,19.05
53,1,1,1,19.55,1007.9,0,0,0.029934748051486097,Bajo,19.55
3,2,1,1,26.4,121.25,0,3,0.029762110405726842,Bajo,26.4
72,2,0,2,88.6,6201.95,0,0,0.029464398139672197,Bajo,88.6
72,2,2,2,107.7,7919.8,0,1,0.029152773436000975,Bajo,107.7
54,2,2,2,91.3,4965.0,0,1,0.028858147435683185,Bajo,91.3
49,2,0,2,74.45,3721.9,0,0,0.028814652588048623,Bajo,74.45
71,2,0,2,58.25,4145.9,0,0,0.028690007211698558,Bajo,58.25
49,1,1,1,20.7,1032.05,0,1,0.02853033188806171,Bajo,20.7
68,2,2,2,88.15,6148.45,0,2,0.027720177469945692,Bajo,88.15
18,2,1,1,24.65,471.35,0,1,0.027551012779898125,Bajo,24.65
19,2,1,1,20.85,467.5,0,1,0.027551012779898125,Bajo,20.85
67,2,2,0,65.65,4322.85,0,3,0.027502654280734767,Bajo,65.65
44,2,2,2,54.05,2375.2,0,1,0.027416325273677114,Bajo,54.05
38,2,2,2,85.4,3297.0,0,0,0.027396509924517018,Bajo,85.4
70,2,2,0,84.7,5991.05,0,3,0.02709199727071188,Bajo,84.7
68,2,2,2,92.2,6392.85,0,1,0.026951294545981035,Bajo,92.2
55,2,2,2,59.2,3175.85,0,2,0.026855168250137028,Bajo,59.2
19,2,1,1,24.9,467.7,0,0,0.026758056978993864,Bajo,24.9
35,2,2,2,69.15,2490.15,0,1,0.02672694541944951,Bajo,69.15
34,2,2,2,67.65,2339.3,0,1,0.02672694541944951,Bajo,67.65
37,2,2,2,62.8,2278.75,0,1,0.02672694541944951,Bajo,62.8
52,2,2,2,85.15,4461.85,0,3,0.026579589634201733,Bajo,85.15
57,2,2,2,69.85,4003.0,1,0,0.02655969647977504,Bajo,69.85
23,2,2,2,91.1,2198.3,0,1,0.02654485869059975,Bajo,91.1
59,1,1,1,20.35,1267.0,0,3,0.026409354509904,Bajo,20.35
47,2,2,2,90.5,4318.35,0,3,0.026210532524864705,Bajo,90.5
69,2,2,2,85.35,5897.4,0,1,0.02617560170270836,Bajo,85.35
69,2,2,2,79.45,5502.55,0,1,0.02617560170270836,Bajo,79.45
8,2,1,1,20.85,161.65,0,3,0.02600760367040456,Bajo,20.85
70,2,2,2,89.75,6367.2,0,1,0.02581200521584005,Bajo,89.75
70,2,2,2,86.45,5950.2,0,1,0.02581200521584005,Bajo,86.45
67,2,2,2,35.7,2545.7,0,1,0.02578693193771181,Bajo,35.7
72,2,2,2,114.0,8093.15,0,2,0.02571965339399224,Bajo,114.0
66,2,2,2,91.7,6075.9,0,0,0.02547846322534236,Bajo,91.7
61,1,1,1,20.4,1226.45,0,3,0.025297889634332667,Bajo,20.4
72,2,2,2,114.45,8375.05,0,1,0.0251602018727627,Bajo,114.45
72,2,2,2,114.05,8468.2,0,1,0.0251602018727627,Bajo,114.05
72,2,2,2,109.5,7854.9,0,1,0.025125027942021864,Bajo,109.5
65,2,2,2,58.9,3857.1,0,1,0.025014773184375203,Bajo,58.9
66,2,2,2,58.2,3810.8,0,1,0.025014773184375203,Bajo,58.2
17,2,1,1,25.15,412.6,0,3,0.024926933767783925,Bajo,25.15
59,2,2,2,90.3,5194.05,0,1,0.02492115962132094,Bajo,90.3
21,2,1,1,20.85,435.25,0,1,0.024872653525928167,Bajo,20.85
25,2,2,2,35.05,844.45,0,0,0.024744483981280735,Bajo,35.05
68,2,2,2,82.85,5776.45,0,0,0.024744082404259942,Bajo,82.85
65,2,2,2,82.5,5215.1,0,0,0.024744082404259942,Bajo,82.5
70,2,2,2,80.6,5460.2,0,0,0.024744082404259942,Bajo,80.6
46,2,2,2,40.4,1842.7,0,1,0.02464636991399589,Bajo,40.4
72,2,2,2,115.5,8312.75,0,0,0.024489864145148536,Bajo,115.5
72,2,2,2,115.15,8349.45,0,0,0.024489864145148536,Bajo,115.15
72,2,2,2,114.45,8100.55,0,0,0.024489864145148536,Bajo,114.45
65,2,2,2,91.55,5963.95,0,0,0.024399872444063907,Bajo,91.55
69,2,2,2,64.15,4254.1,0,1,0.024384266044468594,Bajo,64.15
68,2,2,2,62.65,4375.8,0,1,0.024384266044468594,Bajo,62.65
67,2,2,2,60.4,3953.7,0,0,0.023645197062206656,Bajo,60.4
69,2,2,2,60.05,4176.7,0,0,0.023645197062206656,Bajo,60.05
70,2,2,2,59.5,4144.8,0,0,0.023645197062206656,Bajo,59.5
11,2,1,1,20.4,231.45,0,3,0.023637264092265062,Bajo,20.4
42,2,2,2,84.35,3571.6,0,1,0.023625980765592407,Bajo,84.35
9,2,1,1,20.35,191.1,0,3,0.023558292326614362,Bajo,20.35
7,2,1,1,19.85,144.15,0,3,0.023558292326614362,Bajo,19.85
14,2,1,1,19.7,263.65,0,3,0.023558292326614362,Bajo,19.7
7,2,1,1,19.45,165.35,0,3,0.023558292326614362,Bajo,19.45
62,2,2,2,86.1,5215.25,0,2,0.023424437102101677,Bajo,86.1
71,1,2,2,71.0,5012.1,1,0,0.023377821182400005,Bajo,71.0
61,2,2,0,69.9,4226.7,0,3,0.02323981731669501,Bajo,69.9
55,2,2,2,57.55,3046.4,0,0,0.02307221514077827,Bajo,57.55
56,2,2,2,45.05,2560.1,0,0,0.02307221514077827,Bajo,45.05
70,2,2,2,64.55,4504.9,0,0,0.02304839456370172,Bajo,64.55
66,2,2,2,62.5,4136.4,0,0,0.02304839456370172,Bajo,62.5
45,2,2,2,54.65,2553.7,0,0,0.022851168122491567,Bajo,54.65
65,2,2,2,74.8,4820.15,0,0,0.02241270394094543,Bajo,74.8
21,2,2,2,53.15,1183.2,0,3,0.022384494775295024,Bajo,53.15
69,2,2,2,39.1,2779.5,0,3,0.022260161008676154,Bajo,39.1
68,2,2,2,38.9,2719.2,0,3,0.022260161008676154,Bajo,38.9
23,2,2,2,40.1,857.75,0,3,0.021993679759150675,Bajo,40.1
23,2,2,2,34.6,813.45,0,3,0.021993679759150675,Bajo,34.6
23,2,1,1,25.6,514.75,0,1,0.021796402882126274,Bajo,25.6
25,2,1,1,25.5,630.6,0,1,0.021796402882126274,Bajo,25.5
22,2,1,1,25.25,566.5,0,3,0.021468169155938032,Bajo,25.25
72,2,2,2,97.75,6991.6,0,1,0.021341228156276065,Bajo,97.75
47,2,1,1,24.55,1160.45,0,3,0.021276480121230394,Bajo,24.55
48,2,1,1,23.55,1173.35,0,3,0.021276480121230394,Bajo,23.55
54,2,1,1,20.4,1090.6,0,1,0.0210572753560641,Bajo,20.4
69,2,2,2,66.9,4577.9,0,3,0.021045187764314067,Bajo,66.9
53,2,1,1,19.9,1110.05,0,1,0.020986738017360847,Bajo,19.9
53,2,1,1,19.85,1049.6,0,1,0.020986738017360847,Bajo,19.85
53,2,1,1,19.5,1050.5,0,1,0.020986738017360847,Bajo,19.5
61,2,2,2,80.8,4860.85,0,0,0.02089962781900821,Bajo,80.8
66,2,1,1,25.3,1673.8,0,1,0.02082389887075695,Bajo,25.3
68,2,1,1,25.05,1629.2,0,1,0.02082389887075695,Bajo,25.05
68,2,1,1,24.95,1614.9,0,1,0.02082389887075695,Bajo,24.95
69,2,1,1,24.6,1678.05,0,1,0.02082389887075695,Bajo,24.6
50,2,1,1,24.9,1195.25,0,0,0.020367879381767737,Bajo,24.9
35,2,1,1,25.4,949.8,0,1,0.020330355984609503,Bajo,25.4
36,2,1,1,25.1,930.95,0,1,0.020330355984609503,Bajo,25.1
64,2,2,2,74.35,4759.55,0,3,0.020325715705102606,Bajo,74.35
58,2,1,1,24.45,1513.6,0,1,0.020101654724575903,Bajo,24.45
28,1,1,1,18.25,534.7,0,1,0.020081184972177736,Bajo,18.25
60,2,2,2,59.85,3483.45,0,0,0.019967979128029473,Bajo,59.85
18,2,1,1,20.1,370.5,0,3,0.019963285427540597,Bajo,20.1
43,2,1,1,24.25,1077.95,0,3,0.019892842563657854,Bajo,24.25
71,2,2,2,82.55,5832.65,0,2,0.019859927883640494,Bajo,82.55
56,2,1,1,19.8,1119.9,0,1,0.019812004423500073,Bajo,19.8
46,2,1,1,19.95,862.4,0,1,0.019687877135969586,Bajo,19.95
46,2,1,1,19.75,856.5,0,1,0.019687877135969586,Bajo,19.75
67,2,1,1,24.65,1620.45,0,0,0.01967914471920458,Bajo,24.65
70,2,1,1,24.25,1724.15,0,0,0.01967914471920458,Bajo,24.25
20,2,1,1,20.05,400.0,0,3,0.019437835216240828,Bajo,20.05
20,2,1,1,19.7,419.4,0,3,0.019437835216240828,Bajo,19.7
57,2,1,1,19.9,1115.6,0,0,0.019237381541532192,Bajo,19.9
37,2,2,2,40.55,1390.85,0,3,0.019190774732281465,Bajo,40.55
47,2,1,1,20.45,943.0,0,0,0.019181159679536403,Bajo,20.45
72,2,2,2,89.55,6448.85,1,1,0.019161662489376667,Bajo,89.55
46,2,1,1,20.05,902.0,0,0,0.019116784199123927,Bajo,20.05
47,2,1,1,19.3,890.5,0,0,0.019116784199123927,Bajo,19.3
68,2,1,1,20.5,1424.9,0,1,0.019012826211323417,Bajo,20.5
70,2,1,1,19.85,1433.8,0,1,0.018949004774073384,Bajo,19.85
48,2,1,1,20.65,1057.0,0,0,0.018850399195093594,Bajo,20.65
24,2,1,1,24.2,609.05,0,3,0.0188048651850746,Bajo,24.2
66,2,1,1,19.35,1240.8,0,0,0.018783649247396127,Bajo,19.35
52,2,1,1,25.05,1270.25,0,0,0.018662413104903297,Bajo,25.05
71,2,2,2,84.4,5969.3,0,1,0.01848254560461321,Bajo,84.4
72,2,2,2,92.3,6719.9,0,1,0.018367568454252046,Bajo,92.3
67,2,2,2,85.25,5714.2,0,3,0.018347872012053727,Bajo,85.25
56,2,1,1,24.15,1402.25,0,0,0.018328545292303718,Bajo,24.15
71,2,2,2,89.9,6457.15,0,1,0.01822381100285818,Bajo,89.9
54,2,1,1,20.1,1079.45,0,3,0.018104269452261117,Bajo,20.1
51,2,1,1,24.95,1222.25,0,3,0.018094588094106738,Bajo,24.95
69,2,2,2,90.65,6322.1,0,3,0.01809098793854056,Bajo,90.65
65,2,2,2,90.45,5957.9,0,3,0.01809098793854056,Bajo,90.45
67,2,1,1,20.5,1430.95,0,0,0.017965805607603327,Bajo,20.5
69,2,1,1,20.2,1412.65,0,0,0.01790543461408058,Bajo,20.2
69,2,1,1,20.15,1337.5,0,0,0.01790543461408058,Bajo,20.15
69,2,1,1,19.75,1375.4,0,0,0.01790543461408058,Bajo,19.75
69,2,1,1,19.3,1447.9,0,0,0.01790543461408058,Bajo,19.3
32,2,1,1,20.05,614.45,0,0,0.01787103000320285,Bajo,20.05
44,2,1,1,19.55,819.95,0,0,0.01787103000320285,Bajo,19.55
61,2,2,2,62.15,3778.85,0,3,0.017764957017324286,Bajo,62.15
70,2,2,2,79.15,5536.5,0,3,0.017708022809125104,Bajo,79.15
29,2,1,1,26.1,692.55,0,3,0.017536424780802386,Bajo,26.1
71,2,2,2,85.45,6029.9,0,0,0.017464207238937577,Bajo,85.45
71,2,1,1,24.65,1766.75,1,3,0.0174106343164887,Bajo,24.65
59,2,1,1,25.45,1534.05,0,3,0.01733859689721617,Bajo,25.45
34,2,1,1,26.1,980.35,0,0,0.017293209035579855,Bajo,26.1
50,2,1,1,20.15,970.85,0,1,0.017246555742077938,Bajo,20.15
50,2,1,1,19.4,1023.95,0,1,0.017246555742077938,Bajo,19.4
66,2,1,1,19.7,1253.8,0,0,0.017208505303577495,Bajo,19.7
39,2,1,1,20.7,762.45,0,1,0.017022662438669473,Bajo,20.7
41,2,1,1,20.65,875.55,0,1,0.017022662438669473,Bajo,20.65
24,2,1,1,19.75,483.15,0,3,0.017022029397490566,Bajo,19.75
24,2,1,1,19.7,452.55,0,3,0.017022029397490566,Bajo,19.7
64,2,1,1,20.05,1198.05,1,0,0.01700586369300409,Bajo,20.05
46,2,1,1,20.2,917.45,0,3,0.016980709197496252,Bajo,20.2
48,2,1,1,20.0,935.9,0,3,0.016980709197496252,Bajo,20.0
48,2,1,1,19.25,855.1,0,3,0.016980709197496252,Bajo,19.25
53,2,1,1,19.65,978.0,0,0,0.016745069405788522,Bajo,19.65
72,2,2,2,89.85,6562.9,0,1,0.016727644280605573,Bajo,89.85
72,2,2,2,89.75,6595.9,0,1,0.016727644280605573,Bajo,89.75
72,2,2,2,88.7,6501.35,0,1,0.016727644280605573,Bajo,88.7
71,2,2,2,54.5,3778.2,0,0,0.01668309086131008,Bajo,54.5
71,2,2,2,53.95,3888.65,0,0,0.01668309086131008,Bajo,53.95
62,2,1,1,24.25,1424.6,0,0,0.01660822149672229,Bajo,24.25
53,2,1,1,24.6,1279.0,0,3,0.01657625072189256,Bajo,24.6
40,2,1,1,20.6,827.3,0,0,0.01652757686789743,Bajo,20.6
72,2,2,2,45.25,3139.8,0,1,0.016381335162351233,Bajo,45.25
69,2,1,1,19.9,1363.45,0,3,0.01634174133457257,Bajo,19.9
62,2,1,1,20.05,1201.65,0,1,0.01632534009557291,Bajo,20.05
64,2,1,1,19.45,1208.6,0,1,0.01632534009557291,Bajo,19.45
55,1,1,1,19.1,1001.5,0,0,0.01612092424547649,Bajo,19.1
59,2,1,1,19.85,1188.25,0,3,0.016103139734859072,Bajo,19.85
72,2,2,2,84.2,5986.55,0,0,0.016029385447453758,Bajo,84.2
72,2,2,2,80.85,5727.45,0,0,0.016029385447453758,Bajo,80.85
41,2,1,1,20.15,802.35,0,3,0.01587190092878456,Bajo,20.15
33,2,1,1,20.1,670.35,0,3,0.01587190092878456,Bajo,20.1
37,2,1,1,19.8,813.3,0,3,0.01587190092878456,Bajo,19.8
30,2,1,1,19.7,599.25,0,3,0.01587190092878456,Bajo,19.7
35,2,1,1,19.6,686.95,0,3,0.01587190092878456,Bajo,19.6
43,2,1,1,19.55,876.15,0,3,0.01587190092878456,Bajo,19.55
42,2,1,1,19.35,867.3,0,3,0.01587190092878456,Bajo,19.35
30,2,1,1,19.3,602.9,0,3,0.01587190092878456,Bajo,19.3
63,2,1,1,19.95,1234.8,0,0,0.01585020836194549,Bajo,19.95
72,2,2,2,87.55,6463.15,0,0,0.015804439328115955,Bajo,87.55
72,2,2,2,87.1,6230.1,0,0,0.015804439328115955,Bajo,87.1
72,2,2,2,86.4,6058.95,0,0,0.015804439328115955,Bajo,86.4
57,2,1,1,20.75,1123.15,0,3,0.01580252503432449,Bajo,20.75
72,2,2,2,66.75,4760.3,0,1,0.015794241648433974,Bajo,66.75
72,2,2,2,61.2,4390.25,0,1,0.015794241648433974,Bajo,61.2
24,2,1,1,20.75,487.05,0,3,0.01574137685760393,Bajo,20.75
64,2,2,2,81.3,5129.3,0,3,0.015481412658686607,Bajo,81.3
71,2,1,1,19.8,1388.45,1,1,0.015454222066872374,Bajo,19.8
65,2,1,1,19.9,1292.6,0,3,0.015282335820592735,Bajo,19.9
61,2,2,2,88.1,5526.75,0,3,0.015264037147111147,Bajo,88.1
63,2,1,1,25.25,1559.3,0,3,0.015156066403607147,Bajo,25.25
61,2,1,1,24.4,1417.9,0,3,0.015156066403607147,Bajo,24.4
61,2,1,1,19.75,1124.2,0,3,0.014936592199993666,Bajo,19.75
72,2,2,2,65.65,4664.5,0,0,0.014921769767020008,Bajo,65.65
72,2,2,2,63.7,4464.8,0,0,0.014921769767020008,Bajo,63.7
72,2,2,2,60.95,4549.05,0,0,0.014921769767020008,Bajo,60.95
51,2,1,1,20.45,1042.65,0,3,0.014920280017547008,Bajo,20.45
47,2,1,1,19.65,973.1,0,3,0.014869988024950011,Bajo,19.65
52,2,1,1,19.35,1031.7,0,3,0.014869988024950011,Bajo,19.35
71,2,1,1,25.95,1801.9,0,1,0.014680007342531358,Bajo,25.95
71,2,1,1,24.45,1681.6,0,1,0.014680007342531358,Bajo,24.45
72,2,1,1,25.0,1802.55,1,0,0.014585248066119317,Bajo,25.0
72,2,2,2,91.35,6697.2,0,0,0.014150332666965566,Bajo,91.35
72,2,2,2,91.15,6637.9,0,0,0.014150332666965566,Bajo,91.15
63,2,1,1,19.25,1237.65,0,3,0.014073897547720298,Bajo,19.25
71,2,1,1,25.55,1898.1,0,0,0.013868218331926049,Bajo,25.55
71,2,1,1,25.0,1753.0,0,0,0.013868218331926049,Bajo,25.0
71,2,1,1,24.7,1810.55,0,0,0.013868218331926049,Bajo,24.7
72,2,1,1,25.85,1872.2,0,1,0.013470793308404923,Bajo,25.85
72,2,1,1,25.75,1864.2,0,1,0.013470793308404923,Bajo,25.75
72,2,1,1,25.55,1867.7,0,1,0.013470793308404923,Bajo,25.55
72,2,1,1,24.25,1784.5,0,1,0.013470793308404923,Bajo,24.25
14,2,1,1,18.8,255.55,0,3,0.013404404968631687,Bajo,18.8
71,2,1,1,19.9,1397.3,0,1,0.013350740474614318,Bajo,19.9
71,2,2,2,91.25,6589.6,0,3,0.012742922179780465,Bajo,91.25
72,2,1,1,25.65,1887.0,0,0,0.012725008989119995,Bajo,25.65
72,2,1,1,25.25,1841.2,0,0,0.012725008989119995,Bajo,25.25
72,2,1,1,25.0,1738.9,0,0,0.012725008989119995,Bajo,25.0
72,2,1,1,24.75,1777.6,0,0,0.012725008989119995,Bajo,24.75
72,2,1,1,24.65,1830.05,0,0,0.012725008989119995,Bajo,24.65
72,2,1,1,24.3,1643.25,0,0,0.012725008989119995,Bajo,24.3
71,2,1,1,19.85,1326.35,0,0,0.012611517680477156,Bajo,19.85
71,2,1,1,19.6,1387.45,0,0,0.012611517680477156,Bajo,19.6
71,2,1,1,19.7,1301.1,0,1,0.01248277549712716,Bajo,19.7
72,2,1,1,19.8,1468.75,0,1,0.012249658885633867,Bajo,19.8
72,2,2,2,85.1,6155.4,0,3,0.01185848529988517,Bajo,85.1
45,2,1,1,19.2,903.7,0,2,0.011782618386578644,Bajo,19.2
72,2,1,1,20.05,1423.65,0,0,0.01157068737676406,Bajo,20.05
72,2,1,1,19.55,1463.45,0,0,0.01157068737676406,Bajo,19.55
70,2,1,1,19.2,1401.4,0,3,0.00926874293781534,Bajo,19.2
25,2,1,1,18.7,383.65,0,3,0.008940975512940538,Bajo,18.7
71,2,1,1,19.1,1372.45,0,1,0.007562348284955004,Bajo,19.1
